date,BL15,trend,season,resid
2016/1/1,103881,93377.00924,10892.30099,-388.3102287
2016/1/2,106339,94001.85264,13025.0185,-687.8711445
2016/1/3,82898,94613.73236,-11881.55626,165.8238952
2016/1/4,87452,95214.32916,-7775.65223,13.32307061
2016/1/5,93613,95806.43754,-3445.687259,1252.24972
2016/1/6,94222,96393.74836,-2714.550377,542.8020179
2016/1/7,98105,96977.43283,1151.68403,-24.11686483
2016/1/8,108473,97527.65673,11445.81959,-500.4763209
2016/1/9,111765,97949.06224,13067.40532,748.5324415
2016/1/10,87052,98394.63993,-11673.2288,330.5888689
2016/1/11,91495,98881.04724,-7524.93136,138.884117
2016/1/12,93719,99389.04192,-3438.209408,-2231.832508
2016/1/13,96850,99889.04859,-2484.586558,-554.4620365
2016/1/14,100578,100389.9496,72.07855916,115.9718763
2016/1/15,115404,100919.0526,11616.14658,2868.800819
2016/1/16,100033,101510.7083,13083.90812,-14561.61639
2016/1/17,87145,102123.8415,-11357.35853,-3621.482993
2016/1/18,95532,102665.525,-7213.179882,79.65487704
2016/1/19,99876,103210.3184,-3396.707487,62.38908686
2016/1/20,109131,103775.5073,-2197.924919,7553.417647
2016/1/21,112695,104405.9336,-1003.728095,9292.794543
2016/1/22,126019,105184.2283,11620.48576,9214.285961
2016/1/23,124659,106000.2091,13052.99516,5605.795702
2016/1/24,95001,106669.5075,-11091.87603,-576.6315101
2016/1/25,99707,107354.962,-6859.333917,-788.6280569
2016/1/26,105744,108777.829,-3120.434121,86.60508506
2016/1/27,107946,110404.4392,-1965.28107,-493.1581389
2016/1/28,110141,111988.1229,-2237.792518,390.6696341
2016/1/29,119912,113524.0139,11020.82737,-4632.84129
2016/1/30,128117,114977.0827,12443.79668,696.1206296
2016/1/31,107715,116209.4124,-9196.288338,701.8759205
2016/2/1,112458,117212.7625,-5877.836216,1123.073682
2016/2/2,116521,117929.4125,-2639.549107,1231.136614
2016/2/3,119064,118281.5891,-915.7053704,1698.116318
2016/2/4,123246,118352.8498,-2546.577609,7439.727783
2016/2/5,126631,116419.1241,9501.075458,710.8004243
2016/2/6,89967,112075.8375,11194.20427,-33303.04175
2016/2/7,44691,109440.6,-8422.57732,-56327.02266
2016/2/8,73331,107238.1182,-7720.543827,-26186.5744
2016/2/9,73452,104675.9379,-2936.481213,-28287.45668
2016/2/10,88208,101630.2987,-260.199307,-13162.09938
2016/2/11,94638,97557.04985,-2040.517266,-878.5325812
2016/2/12,106566,96865.68075,10206.42155,-506.1022913
2016/2/13,108352,98382.00603,11720.35026,-1750.356285
2016/2/14,97661,99790.55278,-7378.701646,5249.148861
2016/2/15,97222,101052.8087,-9011.819242,5181.010521
2016/2/16,100502,102067.1961,-3974.896717,2409.700608
2016/2/17,104409,102956.4594,-311.1516205,1763.692268
2016/2/18,104207,103856.6004,-1703.625029,2054.024672
2016/2/19,115863,104237.7285,11014.22174,611.0497504
2016/2/20,123621,103953.8515,12604.34187,7062.806619
2016/2/21,97229,103528.4801,-6475.402037,175.9219112
2016/2/22,92460,103090.7353,-10785.51109,154.775809
2016/2/23,96374,102612.2578,-5258.730544,-979.5272817
2016/2/24,100470,102100.1574,-1480.927167,-149.2302375
2016/2/25,100646,101494.1932,-1023.833643,175.6404885
2016/2/26,113592,100764.3976,11739.74775,1087.85466
2016/2/27,115929,100013.9081,15212.70156,702.3903124
2016/2/28,106302,99345.30596,-7191.365308,14148.05935
2016/2/29,93830,98788.65221,-10910.61076,5951.958553
2016/3/1,90085,98278.25459,-6230.802142,-1962.452444
2016/3/2,93812,97764.26357,-3595.718873,-356.5446959
2016/3/3,94798,97336.76521,-327.0450285,-2211.72018
2016/3/4,108523,97342.85295,12139.71878,-959.5717361
2016/3/5,115202,97841.58206,17358.32287,2.095064056
2016/3/6,90045,98507.01354,-7601.585183,-860.4283568
2016/3/7,87976,99215.47263,-10875.36431,-364.1083273
2016/3/8,94569,99943.8484,-6658.737803,1283.889405
2016/3/9,94664,100632.4339,-5239.729339,-728.7045666
2016/3/10,102685,101205.2433,379.809874,1099.946847
2016/3/11,115176,101667.2686,11883.64385,1625.087522
2016/3/12,120843,102021.5082,18399.53519,421.9566078
2016/3/13,95132,102229.6628,-8022.401135,924.7383002
2016/3/14,91437,102309.1233,-10641.02081,-231.1024686
2016/3/15,95453,102322.2812,-6684.11925,-185.1619109
2016/3/16,96225,102360.9599,-5727.371716,-408.5881964
2016/3/17,97362,102434.4458,773.1499507,-5845.595754
2016/3/18,113443,102547.6115,11310.72194,-415.3334735
2016/3/19,113912,102728.0916,19044.93891,-7861.030486
2016/3/20,94380,102980.6263,-7903.457051,-697.1692384
2016/3/21,93480,103278.3345,-10119.12767,320.7931297
2016/3/22,96498,103562.0714,-7007.76016,-56.31123099
2016/3/23,103437,103807.9408,-5843.074661,5472.133861
2016/3/24,105714,103985.1206,904.100283,824.779099
2016/3/25,121636,104063.2785,11035.13684,6537.584695
2016/3/26,123793,104025.6001,18480.755,1286.644906
2016/3/27,96118,103857.4507,-7504.580965,-234.869699
2016/3/28,95175,103453.937,-9763.761019,1484.824057
2016/3/29,96372,102777.4323,-7177.964124,772.53184
2016/3/30,97182,101937.625,-5593.19507,837.5700908
2016/3/31,100939,100958.337,476.4273778,-495.7644039
2016/4/1,110200,99935.44736,11136.90898,-872.356341
2016/4/2,103534,99007.01605,17779.53222,-13252.54827
2016/4/3,92252,98198.5065,-7340.868009,1394.361512
2016/4/4,86248,97497.01284,-9306.248047,-1942.764794
2016/4/5,87710,96932.49171,-6820.13338,-2402.358333
2016/4/6,89557,96537.75235,-5113.173185,-1867.579167
2016/4/7,96349,96359.73256,-380.4502626,369.7177055
2016/4/8,108460,96405.8867,11815.95299,238.1603033
2016/4/9,111471,96583.06386,16772.6688,-1884.732657
2016/4/10,89779,96860.72004,-7473.225813,391.5057712
2016/4/11,88401,97132.24166,-9164.950775,433.7091128
2016/4/12,91330,97332.57188,-6494.532026,491.9601412
2016/4/13,93491,97486.58132,-4740.296181,744.7148634
2016/4/14,96093,97614.15503,-921.2480823,-599.9069505
2016/4/15,111195,97682.64426,12513.74471,998.6110281
2016/4/16,113963,97659.45055,16282.47829,21.07116381
2016/4/17,88329,97569.60767,-8191.226297,-1049.381372
2016/4/18,89103,97465.88893,-9193.136919,830.2479924
2016/4/19,91689,97391.76413,-6105.156496,402.3923704
2016/4/20,93102,97355.65219,-4394.904312,141.2521221
2016/4/21,95117,97352.53005,-1167.192074,-1068.337972
2016/4/22,109139,97404.05549,12812.98515,-1078.040634
2016/4/23,114693,97534.41486,16972.65262,185.9325224
2016/4/24,88970,97771.6865,-8798.163341,-3.523158703
2016/4/25,87822,98140.73096,-9662.160785,-656.5701748
2016/4/26,91999,98621.79916,-5872.030373,-750.7687917
2016/4/27,94240,99175.24034,-4232.217918,-703.0224173
2016/4/28,98834,99727.90019,-1305.364823,411.4646323
2016/4/29,113576,100241.727,12922.09173,412.181232
2016/4/30,118853,100759.2528,17440.15901,653.5882115
2016/5/1,99486,101213.223,-8922.068606,7194.845628
2016/5/2,97782,101364.9951,-9711.221353,6128.22628
2016/5/3,96175,101232.3041,-5934.8727,877.5685518
2016/5/4,97977,101019.2347,-4332.7354,1290.500741
2016/5/5,101621,100779.3945,-1637.504481,2479.110018
2016/5/6,121311,100338.16,12190.09349,8782.746504
2016/5/7,116428,99685.11788,18071.72803,-1328.845915
2016/5/8,90085,98999.68712,-8405.815524,-508.8715962
2016/5/9,88041,98388.36162,-9449.795547,-897.5660752
2016/5/10,92086,97972.79655,-6164.360347,277.5637987
2016/5/11,93017,97877.76414,-4449.426717,-411.337419
2016/5/12,94384,97886.3624,-2068.451181,-1433.911221
2016/5/13,115007,97849.58313,11801.74388,5355.672995
2016/5/14,117004,97787.74123,18339.92531,876.3334594
2016/5/15,95127,97748.61872,-7698.2097,5076.590981
2016/5/16,90119,97752.80252,-8969.150909,1335.348389
2016/5/17,90797,97777.04979,-6429.493692,-550.5560938
2016/5/18,92851,97717.64495,-4568.881491,-297.763455
2016/5/19,94563,97539.0551,-2779.204415,-196.8506892
2016/5/20,108114,97326.78452,11180.03842,-392.8229349
2016/5/21,116478,97153.45672,18338.26201,986.2812764
2016/5/22,90401,97055.5507,-6658.990624,4.439926071
2016/5/23,88328,97016.78779,-8662.207539,-26.58025516
2016/5/24,89584,97012.3399,-6327.846093,-1100.493808
2016/5/25,91781,97019.00298,-4344.041001,-893.9619774
2016/5/26,94157,97048.67161,-3118.419,226.7473934
2016/5/27,108125,97124.52909,10188.68893,811.7819843
2016/5/28,114264,97249.50991,17888.06285,-873.5727596
2016/5/29,92254,97397.90836,-6151.811729,1007.903369
2016/5/30,88088,97575.94362,-8712.340403,-775.603222
2016/5/31,91915,97789.53869,-5987.789427,113.2507394
2016/6/1,94614,98071.79876,-3517.156011,59.35725023
2016/6/2,94745,98441.99656,-2841.347935,-855.6486272
2016/6/3,107258,98886.3316,10025.65906,-1653.990658
2016/6/4,116665,99393.72677,16984.7871,286.4861284
2016/6/5,93024,99943.66402,-6608.101785,-311.5622372
2016/6/6,92262,100488.5896,-8961.44842,734.8587949
2016/6/7,96092,100377.2918,-5573.273547,1287.981776
2016/6/8,103172,99063.0498,-2738.16193,6847.112135
2016/6/9,84289,98346.06386,-2184.625601,-11872.43826
2016/6/10,104170,98073.26379,10443.56079,-4346.824577
2016/6/11,102637,97762.67533,15598.15773,-10723.83306
2016/6/12,81620,96849.38461,-7739.876103,-7489.508503
2016/6/13,86035,95416.77845,-8754.884698,-626.8937522
2016/6/14,89531,95995.53591,-5120.37845,-1344.157462
2016/6/15,96156,97256.8717,-2021.947435,921.0757366
2016/6/16,97057,98324.23497,-1220.374571,-46.86039736
2016/6/17,111713,99194.99496,10912.5143,1605.490738
2016/6/18,115488,99915.97907,13982.67938,1589.341547
2016/6/19,92773,100532.2565,-9161.457909,1402.201427
2016/6/20,92339,101014.3727,-8271.605482,-403.767194
2016/6/21,97322,101334.8646,-4732.560116,719.6955029
2016/6/22,99306,101546.1578,-1387.178334,-852.9794726
2016/6/23,102102,101694.1074,345.4402549,62.45230796
2016/6/24,113676,101860.5894,11725.07658,90.33397509
2016/6/25,113142,102078.0785,11064.56011,-0.638585726
2016/6/26,90885,102341.9791,-10421.56104,-1035.418108
2016/6/27,95890,102630.5377,-7467.690463,727.1527905
2016/6/28,98367,102943.7298,-3794.231586,-782.4982442
2016/6/29,102749,103296.386,-1087.038993,539.6530335
2016/6/30,109020,103714.7514,50.34082391,5254.907771
2016/7/1,115452,104172.775,11552.61127,-273.3862992
2016/7/2,109409,104639.7065,11480.75212,-6711.458578
2016/7/3,92681,105106.4721,-11760.03239,-665.4397356
2016/7/4,98525,105566.8294,-6899.403751,-142.4256566
2016/7/5,103589,105887.7419,-3311.06444,1012.322583
2016/7/6,105777,106135.5587,-824.9827767,466.4240989
2016/7/7,90918,106366.5528,443.4508493,-15892.00363
2016/7/8,45239,106507.9723,11367.82215,-72636.79443
2016/7/9,112875,106580.6104,11246.97239,-4952.582831
2016/7/10,93961,106611.5557,-12399.9245,-250.6312376
2016/7/11,100793,106589.3105,-7036.925439,1240.61489
2016/7/12,104053,106519.1427,-3144.645359,678.5026562
2016/7/13,104151,106440.8233,-371.170403,-1918.652941
2016/7/14,106359,106393.9506,568.9338851,-603.8845016
2016/7/15,117749,106410.224,11334.64423,4.131766511
2016/7/16,117303,106522.7916,11247.51592,-467.3075385
2016/7/17,94415,106724.0054,-12320.2917,11.28626618
2016/7/18,99233,106986.0274,-7524.862139,-228.1652769
2016/7/19,102619,107200.0605,-3348.431216,-1232.629331
2016/7/20,109121,107310.2933,-497.9176319,2308.624364
2016/7/21,110028,107380.9245,637.4521443,2009.623349
2016/7/22,118462,107438.4373,11397.03167,-373.4690124
2016/7/23,121111,107448.4942,12065.65764,1596.848154
2016/7/24,94190,107385.2861,-11886.79079,-1308.495267
2016/7/25,98052,107238.3757,-7953.052678,-1233.323013
2016/7/26,104279,107062.6625,-3710.187081,926.5246018
2016/7/27,106500,106910.4888,-676.0424897,265.5536962
2016/7/28,106611,106734.2194,445.5349904,-568.7543767
2016/7/29,118250,106474.1053,11626.16617,149.728517
2016/7/30,118776,106150.527,11742.0172,883.4558125
2016/7/31,96511,105854.8685,-11462.32044,2118.451962
2016/8/1,97613,105628.0695,-7777.960574,-237.1088914
2016/8/2,99879,105454.2678,-3329.351189,-2245.91663
2016/8/3,101104,105308.4976,-1073.348081,-3131.149492
2016/8/4,104577,105207.819,254.1509867,-884.9700102
2016/8/5,117410,105241.1618,11564.24526,604.5929574
2016/8/6,116089,105467.8307,10891.74808,-270.5788215
2016/8/7,94076,105828.4755,-10989.9126,-762.562856
2016/8/8,99039,106185.2198,-7106.479798,-39.73997386
2016/8/9,106491,106474.9079,-3073.060322,3089.152398
2016/8/10,105962,106716.5732,-1108.583577,354.0103994
2016/8/11,107840,106889.0309,258.4028506,692.5662317
2016/8/12,118718,106967.1889,11229.11532,521.695742
2016/8/13,115297,106856.1804,10395.89056,-1955.070937
2016/8/14,96693,106551.7279,-11167.05076,1308.322894
2016/8/15,102306,106170.3421,-6773.896952,2909.554843
2016/8/16,102671,105796.6925,-2663.223552,-462.4689509
2016/8/17,96724,105431.3344,-1038.34845,-7668.98593
2016/8/18,105536,105078.0867,410.8015276,47.11180112
2016/8/19,114394,104724.1863,10844.25847,-1174.444723
2016/8/20,114851,104374.5763,10591.85197,-115.4282436
2016/8/21,92379,104100.4615,-11322.67663,-398.7848495
2016/8/22,96792,103844.6255,-6556.436495,-496.1889717
2016/8/23,102042,103488.0835,-2853.218995,1407.135527
2016/8/24,103206,103011.4636,-1196.971467,1391.507881
2016/8/25,103558,102434.9263,332.0182135,791.0554778
2016/8/26,113113,101747.7871,10347.78931,1017.423625
2016/8/27,113294,100942.9122,11727.54954,623.5382373
2016/8/28,87649,100046.692,-11113.55435,-1284.137635
2016/8/29,92285,99128.5999,-6614.448709,-229.1511907
2016/8/30,94412,98333.94564,-3551.551095,-370.394542
2016/8/31,95054,97718.10396,-1982.745964,-681.3579957
2016/9/1,95304,97275.75726,422.6762118,-2394.433474
2016/9/2,106791,97010.72748,9868.46606,-88.19354427
2016/9/3,108045,96932.4272,13335.5627,-2222.989899
2016/9/4,86846,97009.30697,-10490.3897,327.0827242
2016/9/5,90216,97255.52523,-6526.53986,-512.9853738
2016/9/6,92887,97656.51745,-4142.736193,-626.7812611
2016/9/7,94507,98145.6776,-2954.407941,-684.2696598
2016/9/8,99957,98667.4607,-356.7471766,1646.286473
2016/9/9,107941,99214.32242,9719.590431,-992.9128558
2016/9/10,115263,99762.58955,14745.25905,755.1513907
2016/9/11,94408,100271.6276,-9657.450267,3793.822638
2016/9/12,93887,99685.59517,-6435.898411,637.303243
2016/9/13,97928,97765.81397,-4542.100296,4704.28633
2016/9/14,88005,96761.90504,-3429.295632,-5327.609404
2016/9/15,76061,96123.53107,-1314.548107,-18747.98297
2016/9/16,95137,95297.68301,9741.025957,-9901.708968
2016/9/17,60748,93924.54846,15314.50392,-48491.05238
2016/9/18,82872,92173.85497,-9039.664224,-262.1907439
2016/9/19,85178,91936.18467,-6526.00779,-232.1768838
2016/9/20,87954,92577.73254,-4341.426633,-282.3059117
2016/9/21,89762,93258.18662,-3106.031034,-390.1555858
2016/9/22,91107,93905.69779,-2280.27955,-518.4182365
2016/9/23,104954,94482.42027,10101.26439,370.3153368
2016/9/24,112178,94781.79909,15323.72371,2072.477195
2016/9/25,86979,94783.88263,-9191.970026,1387.087394
2016/9/26,88535,94722.01826,-6863.055235,676.0369764
2016/9/27,7435,94657.61227,-4294.772337,-82927.83993
2016/9/28,75615,94622.46348,-2734.268929,-16273.19455
2016/9/29,90161,94628.92561,-2631.038072,-1836.887538
2016/9/30,104871,94677.91597,10791.79132,-598.7072912
2016/10/1,108111,94876.83762,14607.00825,-1372.845875
2016/10/2,84241,95450.05871,-8350.989547,-2858.069159
2016/10/3,88439,96294.8776,-7400.865211,-455.0123915
2016/10/4,94305,97106.00796,-4670.220016,1869.212054
2016/10/5,96686,97791.78344,-2631.500974,1525.717533
2016/10/6,98192,98307.94639,-2198.286907,2082.340518
2016/10/7,110530,98652.26626,11213.68815,664.0455993
2016/10/8,112551,98847.2061,14070.9976,-367.2036982
2016/10/9,96737,98919.11771,-7936.228307,5754.110602
2016/10/10,91700,98889.68592,-7733.023009,543.3370925
2016/10/11,92468,98809.39891,-4841.320124,-1500.07879
2016/10/12,95619,98583.58241,-2839.200956,-125.3814564
2016/10/13,97267,98177.50831,-2016.233038,1105.72473
2016/10/14,110858,97660.71214,11020.05417,2177.233686
2016/10/15,117198,97082.88455,14222.06774,5893.04771
2016/10/16,91290,96517.93732,-7368.604079,2140.666762
2016/10/17,86434,95971.17528,-7497.750656,-2039.424622
2016/10/18,89716,95348.6584,-4856.420095,-776.238304
2016/10/19,90280,94740.19265,-3844.561388,-615.6312624
2016/10/20,91122,94393.59318,-2322.15267,-949.4405049
2016/10/21,103897,94319.07257,11077.00429,-1499.076869
2016/10/22,109727,94312.44061,14612.22836,802.3310296
2016/10/23,85885,94296.68881,-6798.803032,-1612.885776
2016/10/24,89103,94260.40125,-7352.2533,2194.85205
2016/10/25,92143,94264.00615,-4576.355295,2455.349149
2016/10/26,89843,94283.48529,-4621.087568,180.6022781
2016/10/27,91002,94287.03796,-2915.38342,-369.6545378
2016/10/28,103173,94277.08654,11362.50398,-2466.590529
2016/10/29,108055,94290.55699,14866.11762,-1101.674615
2016/10/30,88120,94392.91985,-7940.616161,1667.696313
2016/10/31,86518,94666.20359,-6239.054071,-1909.149519
2016/11/1,89842,95092.88703,-4636.95461,-613.9324155
2016/11/2,90066,95637.33127,-5429.536569,-141.7947059
2016/11/3,93165,96260.28094,-2442.767837,-652.5131011
2016/11/4,110276,96949.3512,12888.66129,437.9875167
2016/11/5,112868,97755.49336,14775.36384,337.1427947
2016/11/6,89090,98575.89787,-9121.860642,-364.0372305
2016/11/7,90405,102529.9705,-4941.856704,-7183.11381
2016/11/8,92363,109522.3216,-5402.130702,-11757.19094
2016/11/9,94494,113742.4053,-5656.924665,-13591.48065
2016/11/10,139304,117511.9306,-1505.157113,23297.22648
2016/11/11,171579,121362.0169,11845.79037,38371.19272
2016/11/12,153187,128574.3409,14698.06359,9914.595548
2016/11/13,122516,133222.39,-9702.217874,-1004.172122
2016/11/14,127960,130924.4066,-4501.036296,1536.629718
2016/11/15,114308,128575.7251,-5698.400339,-8569.324798
2016/11/16,127256,125792.0932,-5528.694418,6992.601213
2016/11/17,122558,122201.4326,-911.559153,1268.12652
2016/11/18,141447,118845.9227,11504.13698,11096.94031
2016/11/19,147351,115790.8649,15101.33831,16458.79682
2016/11/20,122362,112594.9109,-9416.789335,19183.87841
2016/11/21,122200,109170.0358,-4283.838557,17313.80281
2016/11/22,98926,105692.0612,-5914.864053,-851.1971905
2016/11/23,95826,102410.3826,-5675.933326,-908.4493057
2016/11/24,98865,100475.7058,-688.0388179,-922.6670157
2016/11/25,108973,99216.45821,10389.55554,-633.0137516
2016/11/26,111889,98157.04865,14531.33215,-799.380807
2016/11/27,87068,97240.35289,-8394.934091,-1777.4188
2016/11/28,89805,96483.20513,-6032.549226,-645.6559015
2016/11/29,90417,95923.95664,-5559.840182,52.88353797
2016/11/30,91350,95557.37834,-4464.861958,257.4836144
2016/12/1,92105,95389.47084,-1886.557688,-1397.913151
2016/12/2,105199,95411.45756,10821.48624,-1033.943803
2016/12/3,112171,95557.18135,16725.30894,-111.4902922
2016/12/4,87688,95780.36184,-7175.298038,-917.0638036
2016/12/5,87083,96104.89206,-8035.931382,-985.9606785
2016/12/6,90733,96590.67203,-6464.292589,606.6205553
2016/12/7,93694,97165.86122,-5053.026971,1581.165748
2016/12/8,93571,97707.82814,-2446.3004,-1690.527744
2016/12/9,109433,98220.80122,11399.37696,-187.178183
2016/12/10,122339,98764.57245,18414.82343,5159.604123
2016/12/11,95958,99323.25273,-5537.86422,2172.611492
2016/12/12,90122,99895.34697,-9474.95358,-298.3933879
2016/12/13,91201,100506.7694,-7468.939567,-1836.82985
2016/12/14,94278,101137.0444,-6220.529772,-638.5146546
2016/12/15,100463,101740.737,-2578.160354,1300.42332
2016/12/16,114465,102351.847,12233.76372,-120.6107704
2016/12/17,123172,102993.3,19979.10744,199.5925962
2016/12/18,99086,103665.907,-4821.628988,241.7219912
2016/12/19,93411,104328.0623,-10379.3014,-537.7608571
2016/12/20,97160,104973.5962,-8499.040853,685.4446855
2016/12/21,97511,105615.8423,-7192.161299,-912.6810148
2016/12/22,103744,106197.7294,-2487.347819,33.61843018
2016/12/23,120360,106680.426,13373.22296,306.3510427
2016/12/24,128999,106991.8008,21532.46512,474.7340402
2016/12/25,104635,107131.535,-5129.103712,2632.568694
2016/12/26,98863,107088.4494,-10766.30133,2540.851981
2016/12/27,98039,106679.6734,-8377.898645,-262.774768
2016/12/28,102427,105894.8394,-7121.98173,3654.142373
2016/12/29,104007,104877.8819,-2309.277973,1438.396089
2016/12/30,119347,103699.8459,14104.20603,1542.948042
2016/12/31,138338,102368.1154,18130.56948,17839.31512
2017/1/1,94861,100949.0599,-5632.921061,-455.138882
2017/1/2,87323,99434.84831,-10127.80035,-1984.047955
2017/1/3,90299,98046.41322,-7567.107137,-180.3060813
2017/1/4,90541,97589.8002,-6351.153057,-697.6471388
2017/1/5,93629,97606.76409,-1847.252653,-2130.511441
2017/1/6,105388,97650.74526,14068.39085,-6331.136106
2017/1/7,103801,97718.19706,16006.05293,-9923.249986
2017/1/8,81786,97894.54304,-5167.750103,-10940.79294
2017/1/9,88266,98164.98333,-9746.455671,-152.5276606
2017/1/10,91749,98558.22866,-6880.672107,71.44345065
2017/1/11,93305,99211.19932,-5670.568035,-235.6312803
2017/1/12,98284,100109.9948,-560.0318211,-1265.963011
2017/1/13,114414,101137.4949,13605.41001,-328.904954
2017/1/14,114729,102223.8863,12593.97383,-88.86011907
2017/1/15,93113,103280.1766,-4927.397466,-5239.779128
2017/1/16,95835,104252.7801,-8273.527652,-144.2524891
2017/1/17,98990,105156.8412,-6963.423533,796.5823266
2017/1/18,101505,106012.6987,-5940.869794,1433.171095
2017/1/19,110658,106745.599,737.4423787,3174.958599
2017/1/20,120000,107211.2893,12704.38513,84.32552986
2017/1/21,119106,107268.2463,11435.31942,402.4342699
2017/1/22,102633,107103.374,-4555.544503,85.17051045
2017/1/23,110084,106813.4649,-6082.172859,9352.707913
2017/1/24,114549,106467.8623,-7633.764075,15714.9018
2017/1/25,114951,105772.4411,-6896.090128,16074.64908
2017/1/26,107823,104419.5677,2063.118389,1340.313908
2017/1/27,41491,103393.7022,12472.10559,-74374.80776
2017/1/28,68953,102626.2559,10655.53789,-44328.79383
2017/1/29,69057,101425.2093,-5560.255369,-26807.95398
2017/1/30,85832,100077.7233,-4589.907703,-9655.815602
2017/1/31,90161,98701.6238,-8592.312938,51.68913522
2017/2/1,88998,97429.49561,-6784.028087,-1647.467518
2017/2/2,98856,97107.41645,2181.057857,-432.4743039
2017/2/3,108869,97270.43072,12303.72678,-705.1575046
2017/2/4,106392,97746.03036,9953.876647,-1307.907012
2017/2/5,85933,98351.56361,-6462.336538,-5956.227068
2017/2/6,97410,98874.73083,-1725.395818,260.6649852
2017/2/7,101239,99367.58382,-7805.426622,9676.842804
2017/2/8,102439,99890.19551,-6676.191843,9224.996333
2017/2/9,103043,100446.1875,1025.291786,1571.52074
2017/2/10,114267,100883.3471,12737.26429,646.3885904
2017/2/11,111779,101022.3237,10584.05627,172.620034
2017/2/12,93249,100921.4278,-7631.673156,-40.75462453
2017/2/13,95586,100673.5403,-4956.238839,-131.3014786
2017/2/14,102350,100451.1455,-6669.026131,8567.880677
2017/2/15,95648,100164.5102,-5044.747797,528.2376211
2017/2/16,98993,99825.81744,-92.26204666,-740.5553946
2017/2/17,107023,99491.76019,13358.71008,-5827.470275
2017/2/18,115113,99128.40938,11828.3554,4156.235222
2017/2/19,93462,98714.67849,-7168.579115,1915.900623
2017/2/20,89796,98247.54147,-6787.923257,-1663.618213
2017/2/21,92012,97736.31435,-5922.129525,197.8151786
2017/2/22,93895,97091.55936,-4916.571214,1720.011851
2017/2/23,94924,96300.20797,-1114.410368,-261.7976062
2017/2/24,109091,95464.55736,13780.30207,-153.8594369
2017/2/25,107600,94609.10264,12994.94451,-4.047151983
2017/2/26,97045,93794.10585,-7983.640296,11234.53445
2017/2/27,100284,93181.73837,-7731.782957,14834.04459
2017/2/28,87597,92804.83609,-4798.474957,-409.3611305
2017/3/1,85042,92559.09724,-5022.227797,-2494.869443
2017/3/2,89122,92373.51554,-1307.151258,-1944.364284
2017/3/3,101289,92503.72698,13790.71248,-5005.439459
2017/3/4,106435,93134.50967,13937.76217,-637.2718377
2017/3/5,84142,93937.49905,-8861.192076,-934.3069767
2017/3/6,86347,94750.99675,-8233.633299,-170.3634538
2017/3/7,93075,95594.0573,-4428.391824,1909.334526
2017/3/8,99150,96385.06834,-5081.07,7846.001663
2017/3/9,97023,97048.04231,-1093.139567,1068.097257
2017/3/10,112081,97605.50728,13591.18696,884.3057579
2017/3/11,113464,98014.66781,14879.93453,569.3976681
2017/3/12,88325,98166.78403,-9748.535828,-93.24820279
2017/3/13,90587,98074.05442,-8603.524269,1116.469846
2017/3/14,93132,97885.15949,-4498.05797,-255.1015197
2017/3/15,93183,97692.95702,-4987.127291,477.1702735
2017/3/16,96655,97559.264,-909.2874949,5.023493865
2017/3/17,109237,97522.84622,13281.75158,-1567.597807
2017/3/18,112904,97601.05674,15964.4354,-661.4921418
2017/3/19,87608,97809.43634,-9500.0649,-701.3714371
2017/3/20,87494,98163.15001,-8806.010994,-1863.139013
2017/3/21,93715,98616.5316,-5203.933455,302.401852
2017/3/22,94775,99044.21598,-4151.920823,-117.2951528
2017/3/23,99091,99343.7307,-1067.067522,814.3368218
2017/3/24,114035,99499.51639,12648.05831,1887.425305
2017/3/25,117382,99512.43316,15654.29421,2215.272622
2017/3/26,92026,99379.71524,-9348.078123,1994.362885
2017/3/27,90154,99092.40757,-8507.124223,-431.2833424
2017/3/28,92731,98659.42187,-5455.885925,-472.5359475
2017/3/29,94847,98155.56531,-3519.620893,211.0555793
2017/3/30,95432,97662.96139,-1201.263693,-1029.6977
2017/3/31,109107,97260.63589,12291.29984,-444.9357227
2017/4/1,98923,96929.99567,15319.97856,-13326.97423
2017/4/2,87008,96557.50993,-9191.369172,-358.1407593
2017/4/3,89547,96153.67327,-8040.147147,1433.473877
2017/4/4,74534,95807.05922,-5630.464752,-15642.59446
2017/4/5,87779,95549.65236,-3194.387999,-4576.264362
2017/4/6,94224,95322.21356,-1363.121783,264.9082201
2017/4/7,106354,95115.86978,12188.36305,-950.2328315
2017/4/8,108056,94946.10013,14927.43472,-1817.534852
2017/4/9,85142,94913.46915,-9073.85984,-697.6093068
2017/4/10,87684,95032.72961,-7777.867756,429.1381438
2017/4/11,89887,95146.50514,-5772.458047,512.9529062
2017/4/12,93237,95220.20875,-3227.549526,1244.340771
2017/4/13,94364,95254.35613,-1235.124281,344.7681523
2017/4/14,107446,95198.47587,12351.70544,-104.1813061
2017/4/15,110494,95040.61338,14522.72329,930.6633248
2017/4/16,85931,94845.3467,-8609.049312,-305.2973843
2017/4/17,86223,94675.121,-8030.118568,-422.0024283
2017/4/18,88232,94594.89914,-6011.910109,-350.9890277
2017/4/19,90446,94575.53997,-3515.917029,-613.6229379
2017/4/20,92079,94555.77794,-807.9038243,-1668.874116
2017/4/21,108505,94528.57286,12601.01966,1375.407477
2017/4/22,113573,94553.45678,14661.57023,4357.972982
2017/4/23,87126,94593.48149,-8402.425013,934.9435271
2017/4/24,85683,94621.7498,-8454.289937,-484.4598597
2017/4/25,88470,94621.82084,-6475.237672,323.416835
2017/4/26,89418,94616.61016,-3477.176866,-1721.433291
2017/4/27,96510,94646.5185,-803.4137637,2666.89526
2017/4/28,106287,94798.77018,13222.70579,-1734.475974
2017/4/29,108898,95028.59842,14609.66674,-740.2651648
2017/4/30,93068,95278.97487,-8340.890539,6129.915672
2017/5/1,87917,95555.50934,-8948.758664,1310.24932
2017/5/2,87362,95852.99102,-6340.0916,-2150.899424
2017/5/3,95426,96150.67419,-3585.003246,2860.329059
2017/5/4,95837,96476.94564,-916.1699363,276.2242969
2017/5/5,110197,96759.33852,13979.48053,-541.819048
2017/5/6,111968,96990.47733,14238.89027,738.6323963
2017/5/7,88159,97202.93572,-8193.269985,-850.6657348
2017/5/8,87346,97337.20713,-9270.915926,-720.2911991
2017/5/9,92801,97350.7483,-6379.38108,1829.632776
2017/5/10,94474,97301.53267,-3564.204109,736.6714431
2017/5/11,95704,97207.46178,-1761.774658,258.312883
2017/5/12,114034,97038.87414,14996.78125,1998.344615
2017/5/13,110310,96783.89577,14384.5106,-858.4063669
2017/5/14,88510,96442.16881,-7642.197993,-289.9708214
2017/5/15,86310,96093.71421,-9649.599012,-134.1151973
2017/5/16,89896,95821.07672,-6379.000306,453.9235901
2017/5/17,90497,95600.36035,-4057.992204,-1045.368151
2017/5/18,91957,95384.53123,-2558.603385,-868.9278499
2017/5/19,110764,95174.40287,15921.39847,-331.8013329
2017/5/20,110354,94962.40267,13442.34906,1949.248275
2017/5/21,89387,94769.45391,-6499.136907,1116.682999
2017/5/22,85318,94597.83743,-8987.350623,-292.4868106
2017/5/23,87173,94435.45252,-5857.290887,-1405.161635
2017/5/24,90349,94263.62009,-4413.039564,498.4194734
2017/5/25,91022,94068.24704,-2477.835656,-568.4113817
2017/5/26,100984,93690.33261,13949.46154,-6655.794154
2017/5/27,98686,93239.48021,12434.46055,-6987.940756
2017/5/28,88596,92878.90236,-5979.594212,1696.691854
2017/5/29,92599,92604.91466,-8074.913881,8068.999219
2017/5/30,73991,92364.89998,-5032.346344,-13341.55364
2017/5/31,86177,92088.29179,-4160.354196,-1750.937597
2017/6/1,89815,91834.46578,-1741.266964,-278.1988204
2017/6/2,90235,91770.08973,12600.49821,-14135.58794
2017/6/3,102414,91957.04906,11509.90769,-1052.956753
2017/6/4,84943,92412.60304,-6302.941643,-1166.661395
2017/6/5,86270,92917.1086,-7354.985045,707.8764474
2017/6/6,89880,93415.37229,-4108.443911,573.071617
2017/6/7,91427,93881.70333,-3628.194383,1173.491049
2017/6/8,93400,94277.45977,-582.4888533,-294.9709174
2017/6/9,105210,94572.64819,10636.72716,0.624650316
2017/6/10,110392,94782.30064,10714.97267,4894.726689
2017/6/11,88635,94912.87875,-7523.867615,1245.988868
2017/6/12,87736,95008.03952,-6890.039183,-382.0003368
2017/6/13,92074,95083.84211,-3587.056589,577.2144776
2017/6/14,90231,95140.39456,-2859.400484,-2049.994074
2017/6/15,96612,95165.57863,-155.0429937,1601.464361
2017/6/16,106128,95236.68993,11520.14675,-628.8366867
2017/6/17,105860,95391.85074,10575.91168,-107.7624148
2017/6/18,86060,95621.96184,-8807.623214,-754.3386231
2017/6/19,88490,95899.24346,-7003.494271,-405.7491871
2017/6/20,91397,96190.25709,-3923.480233,-869.7768547
2017/6/21,95978,96483.00396,-2399.513568,1894.509608
2017/6/22,96731,96791.14827,-38.87169432,-21.27657677
2017/6/23,109811,97070.68427,12584.43335,155.8823786
2017/6/24,108485,97294.53039,10256.57671,933.8929064
2017/6/25,86903,97464.54037,-9837.310448,-724.2299186
2017/6/26,91298,97573.24955,-7019.314177,744.0646323
2017/6/27,93594,97665.20978,-4152.915941,81.70616435
2017/6/28,95459,97777.61066,-1789.457773,-529.152883
2017/6/29,96865,97908.75378,31.02897953,-1074.782763
2017/6/30,112767,98065.60025,13150.78864,1550.611115
2017/7/1,106725,98264.4905,9973.904868,-1513.395369
2017/7/2,88444,98513.19329,-10563.37087,494.1775735
2017/7/3,91309,98833.96517,-7040.081484,-484.8836832
2017/7/4,95162,99201.05674,-4095.082565,56.02582832
2017/7/5,97913,99586.48598,-1398.402896,-275.0830864
2017/7/6,99990,99975.69212,485.4873332,-471.1794496
2017/7/7,113789,100387.3291,13076.98461,324.6862664
2017/7/8,111098,100800.1437,9572.027905,725.828363
2017/7/9,89917,101167.3778,-10895.74788,-354.6299582
2017/7/10,95007,101436.3541,-7095.052451,665.6983079
2017/7/11,97497,101581.3402,-3704.806124,-379.5340285
2017/7/12,101698,101571.9313,-1221.368899,1347.437648
2017/7/13,104541,101422.5588,1092.06059,2026.380627
2017/7/14,113631,101165.2913,12383.58445,82.12428782
2017/7/15,110565,100820.4175,9293.184831,451.3977162
2017/7/16,89618,100386.3346,-11342.44917,574.1146068
2017/7/17,91472,99884.86458,-6891.000383,-1521.864195
2017/7/18,96249,99380.40851,-3338.072991,206.6644845
2017/7/19,97226,98994.76012,-1090.63802,-678.1221052
2017/7/20,100003,98775.41932,1549.943147,-322.362468
2017/7/21,109520,98689.09701,11672.3392,-841.4362139
2017/7/22,106970,98684.84507,9524.670915,-1239.51599
2017/7/23,86547,98716.0549,-11468.26579,-700.7891145
2017/7/24,93937,98774.81749,-6817.121237,1979.303743
2017/7/25,96317,98856.66884,-3285.277926,745.6090852
2017/7/26,98067,98838.06663,-1307.308226,536.2415915
2017/7/27,100278,98715.21854,1460.890808,101.8906497
2017/7/28,109792,98559.33758,11421.9628,-189.30038
2017/7/29,81139,98387.07408,9959.81929,-27207.89336
2017/7/30,65125,98224.14387,-11285.58325,-21813.56062
2017/7/31,90247,98130.1464,-6689.07047,-1194.075934
2017/8/1,94670,98100.55963,-3594.105247,163.5456212
2017/8/2,95762,98181.29709,-1400.037538,-1019.259551
2017/8/3,99298,98493.27428,1139.133541,-334.4078182
2017/8/4,110004,99001.35778,11634.61483,-631.9726115
2017/8/5,110502,99565.38555,10454.7488,481.8656559
2017/8/6,88800,100162.8735,-11027.04687,-335.8266157
2017/8/7,95010,100791.8297,-7000.616786,1218.787049
2017/8/8,96014,101372.6571,-3948.465492,-1410.191646
2017/8/9,100940,101771.2846,-1355.403445,524.1188176
2017/8/10,103658,102011.4181,694.3233854,952.2584914
2017/8/11,115296,102129.9144,11736.66678,1429.418807
2017/8/12,127128,102139.1918,11051.30258,13937.50557
2017/8/13,92578,102047.0438,-10741.15148,1272.107714
2017/8/14,93868,101870.1538,-7286.672699,-715.481139
2017/8/15,98382,101587.3368,-4050.299017,844.9622643
2017/8/16,99778,101225.8858,-1179.944268,-267.9415187
2017/8/17,100452,100839.283,717.3495773,-1104.632606
2017/8/18,112230,100477.649,11663.04321,89.30777292
2017/8/19,111362,100136.3808,11316.80188,-91.18265186
2017/8/20,88736,99821.58066,-11527.07381,441.4931464
2017/8/21,92360,99537.95809,-7565.932463,387.9743771
2017/8/22,94658,99283.30966,-3353.90718,-1271.402483
2017/8/23,99032,99031.1416,-1212.243689,1213.102092
2017/8/24,99060,98778.85654,1235.306017,-954.1625566
2017/8/25,109822,98471.99765,11363.66752,-13.66516898
2017/8/26,110152,98118.08568,11542.87263,491.0416961
2017/8/27,90660,97710.49151,-12473.41468,5422.923172
2017/8/28,100000,97241.1499,-7626.967822,10385.81792
2017/8/29,95128,96695.9964,-3161.496005,1593.499608
2017/8/30,94108,96149.91212,-1429.683097,-612.2290238
2017/8/31,99102,95573.30791,2030.528741,1498.163347
2017/9/1,105076,95031.61757,11169.50994,-1125.127508
2017/9/2,103034,94685.68121,12254.751,-3906.432209
2017/9/3,79126,94493.01225,-12946.40253,-2420.609718
2017/9/4,86218,94326.09442,-7677.377542,-430.7168787
2017/9/5,86390,94213.03415,-3337.928934,-4485.105211
2017/9/6,92510,94246.94071,-1746.891601,9.950893742
2017/9/7,96832,94478.42317,1664.775239,688.8015885
2017/9/8,106850,94795.6484,11187.56024,866.7913646
2017/9/9,107470,95065.16201,13251.10625,-846.268257
2017/9/10,82036,95197.73575,-12523.93337,-637.8023776
2017/9/11,88086,95272.64073,-7994.87385,808.2331223
2017/9/12,92068,95339.95029,-3881.578684,609.6283903
2017/9/13,83892,95287.83688,-1944.173606,-9451.663273
2017/9/14,86968,95101.67973,565.8467469,-8699.526474
2017/9/15,105558,94847.12443,11153.18764,-442.3120702
2017/9/16,111454,94541.67987,14071.01265,2841.307481
2017/9/17,86290,94194.46418,-10331.85168,2427.387492
2017/9/18,84480,93804.79241,-8411.336307,-913.4561038
2017/9/19,86286,93407.6739,-4669.025281,-2452.64862
2017/9/20,90692,93049.79771,-2369.10177,11.30405577
2017/9/21,90298,92761.56826,-528.9990347,-1934.569221
2017/9/22,104090,92614.81752,10824.40705,650.7754236
2017/9/23,107410,92642.74612,14778.05876,-10.80487622
2017/9/24,83466,92756.30736,-8181.825381,-1108.481984
2017/9/25,84094,92870.09702,-8661.258296,-114.8387255
2017/9/26,88524,92979.0855,-4986.709864,531.6243606
2017/9/27,90980,93112.60604,-3332.048102,1199.442059
2017/9/28,92374,93238.52702,-1161.819016,297.2919932
2017/9/29,101970,93259.29681,10957.08311,-2246.379924
2017/9/30,107730,93196.73762,14382.24805,151.0143254
2017/10/1,87055,93117.138,-7016.213362,954.0753576
2017/10/2,89319,93036.71181,-8301.139157,4583.427349
2017/10/3,103932,92974.62976,-4986.551558,15943.9218
2017/10/4,86794,92912.6003,-4264.153948,-1854.446354
2017/10/5,92994,92701.81719,-1119.240611,1411.423417
2017/10/6,103591,92215.13899,11132.43792,243.4230912
2017/10/7,99687,91805.73955,14421.39551,-6540.135063
2017/10/8,91605,91537.95391,-6797.740025,6864.786112
2017/10/9,94429,91347.77431,-8223.177027,11304.40272
2017/10/10,78445,91212.94853,-4902.305092,-7865.643436
2017/10/11,84757,90866.34108,-4342.681141,-1766.659941
2017/10/12,88543,90573.51888,-1343.625532,-686.8933434
2017/10/13,103508,91078.49061,11477.84118,951.6682056
2017/10/14,100400,91732.28104,14193.90655,-5526.187594
2017/10/15,86635,92270.50012,-6891.879584,1256.379466
2017/10/16,84857,92708.46536,-8010.602323,159.1369602
2017/10/17,87850,93036.29051,-5060.222433,-126.0680728
2017/10/18,91112,93202.7441,-3883.573428,1792.829328
2017/10/19,91470,93218.52262,-1847.910526,99.38790514
2017/10/20,104945,93204.50014,11887.43263,-146.9327725
2017/10/21,107607,93218.48597,13945.21355,443.3004799
2017/10/22,84439,93214.71213,-7360.487859,-1415.224268
2017/10/23,84184,93159.7627,-8164.403036,-811.3596654
2017/10/24,88660,93103.62451,-4826.995059,383.3705512
2017/10/25,90728,93120.55143,-3361.608672,969.0572378
2017/10/26,91411,93216.18125,-2502.371028,697.1897814
2017/10/27,104529,93369.93074,12140.31672,-981.2474613
2017/10/28,106783,93559.76845,14654.79757,-1431.566019
2017/10/29,85529,93775.3715,-7940.32613,-306.045373
2017/10/30,86228,94054.64066,-8147.904421,321.2637565
2017/10/31,89535,94440.92896,-4577.038103,-328.8908546
2017/11/1,90547,94927.37839,-3819.676467,-560.701919
2017/11/2,91497,95465.86765,-3659.064627,-309.8030192
2017/11/3,108921,96029.23482,12662.8961,228.8690741
2017/11/4,112636,96621.83162,15604.0102,410.1581718
2017/11/5,89313,97261.23065,-7907.452965,-40.77768672
2017/11/6,89591,97924.18565,-8116.161768,-217.0238798
2017/11/7,90497,98567.19887,-4086.913556,-3983.285313
2017/11/8,95591,100383.509,-4364.807308,-427.7016698
2017/11/9,135112,104180.9263,-2619.116243,33550.18992
2017/11/10,155174,107245.8634,12359.4978,35568.63877
2017/11/11,157549,110036.4423,14795.58642,32716.9713
2017/11/12,123389,112977.596,-8741.040576,19152.44461
2017/11/13,126153,116172.4021,-8066.32073,18046.91861
2017/11/14,115779,118420.2087,-3652.198346,1010.989654
2017/11/15,127774,116339.7962,-4256.932496,15691.13627
2017/11/16,121398,113308.8841,-2170.199293,10259.3152
2017/11/17,143563,110396.1166,12392.1764,20774.70697
2017/11/18,145371,107572.1171,14665.56152,23133.32135
2017/11/19,123896,104494.6297,-8965.697084,28367.06743
2017/11/20,127178,100006.3663,-8295.481198,35467.11486
2017/11/21,94337,97216.38306,-3454.383545,575.0004823
2017/11/22,92127,96531.84569,-3867.609867,-537.2358197
2017/11/23,94648,95950.97523,-1071.310645,-231.6645875
2017/11/24,107264,95461.61958,12037.0515,-234.6710796
2017/11/25,108411,95052.46639,13598.25523,-239.7216244
2017/11/26,84407,94705.22453,-9845.453828,-452.7707001
2017/11/27,86242,94417.80075,-8003.025927,-172.774821
2017/11/28,89484,94212.72294,-4339.762564,-388.9603786
2017/11/29,90658,94080.33533,-3617.594533,195.2592009
2017/11/30,92654,94019.49786,-975.2183168,-390.2795418
2017/12/1,106043,94063.66941,12342.51042,-363.179836
2017/12/2,108679,94263.15736,15100.88993,-685.0472918
2017/12/3,86192,94644.69393,-8224.131999,-228.5619294
2017/12/4,84619,95182.2412,-9521.799106,-1041.442095
2017/12/5,88723,95784.95281,-5395.110432,-1666.842377
2017/12/6,92207,96403.21251,-3531.475093,-664.7374214
2017/12/7,96814,97049.41845,-1723.370592,1487.952147
2017/12/8,111599,97733.90728,11591.13069,2273.962024
2017/12/9,115490,98417.7397,16495.44663,576.8136698
2017/12/10,92211,99054.84111,-6269.293773,-574.5473363
2017/12/11,88666,99602.65029,-10293.13468,-643.5156077
2017/12/12,94273,100070.7328,-6226.612436,428.8796055
2017/12/13,97439,100525.1607,-3673.647519,587.4867718
2017/12/14,97427,101022.9665,-2288.072926,-1307.893543
2017/12/15,111798,101540.0309,10379.63986,-121.670763
2017/12/16,119811,102013.0342,17555.09948,242.8663259
2017/12/17,98876,102413.7858,-4069.822821,532.0370655
2017/12/18,93050,102788.7002,-10353.65592,614.9557086
2017/12/19,97048,103162.3269,-6641.902933,527.5760805
2017/12/20,100103,103486.2716,-3748.471455,365.1998294
2017/12/21,100705,103690.9081,-2353.273933,-632.6341865
2017/12/22,112940,103808.6252,10302.91747,-1171.542661
2017/12/23,123824,103903.7394,17986.81073,1933.449856
2017/12/24,102843,103982.3825,-6833.871043,5694.488589
2017/12/25,103756,104006.9734,-9269.374997,9018.401603
2017/12/26,97562,103992.9422,-6548.405197,117.4630074
2017/12/27,100511,103816.9167,-3639.649011,333.7322753
2017/12/28,102865,103138.4812,-1685.317505,1411.836335
2017/12/29,119896,102009.2668,10871.49644,7015.236807
2017/12/30,119445,100799.4891,17231.94447,1413.566429
2017/12/31,135107,99728.15791,-8221.577404,43600.41949
2018/1/1,85686,98746.28228,-8502.856018,-4557.426261
2018/1/2,89702,97687.65517,-6229.947976,-1755.707192
2018/1/3,91835,96601.49375,-3414.992282,-1351.501472
2018/1/4,93657,95846.23816,-718.8033366,-1470.434824
2018/1/5,107933,95507.70873,11821.85465,603.436616
2018/1/6,110650,95548.29711,15875.62309,-773.9201971
2018/1/7,84854,95651.1852,-10717.14943,-80.03577521
2018/1/8,88222,95668.44289,-7566.678002,120.2351137
2018/1/9,90686,95602.38694,-5646.503604,730.1166675
2018/1/10,92992,95484.10641,-3213.212625,721.1062135
2018/1/11,97241,95353.35805,-250.3021533,2137.944102
2018/1/12,107436,95230.36393,12668.78675,-463.15068
2018/1/13,107588,95063.82817,14501.42779,-1977.255953
2018/1/14,83219,94863.46719,-11295.49786,-348.969337
2018/1/15,86990,94751.85657,-7515.09347,-246.7631016
2018/1/16,89700,94807.30735,-4846.953147,-260.3542068
2018/1/17,92182,95013.01659,-3138.161252,307.1446597
2018/1/18,93900,95340.3986,149.1501938,-1589.548789
2018/1/19,113998,95747.01562,12676.0868,5574.897572
2018/1/20,110186,96241.38972,13663.23732,281.3729589
2018/1/21,84671,96844.63333,-11558.17945,-615.4538752
2018/1/22,89328,97547.40721,-7285.635501,-933.7717048
2018/1/23,93914,98340.56843,-4351.1032,-75.46522621
2018/1/24,95201,99201.23268,-2914.668331,-1085.564353
2018/1/25,101362,100060.5893,127.5736551,1173.837033
2018/1/26,114422,100902.4345,12558.02526,961.5402856
2018/1/27,114941,101642.7558,12860.41112,437.8330485
2018/1/28,90753,102204.6813,-11217.5225,-234.1588436
2018/1/29,96733,102600.2657,-7223.88971,1356.624006
2018/1/30,99320,102880.411,-4235.657256,675.246232
2018/1/31,106634,103298.9084,-2469.175342,5804.266927
2018/2/1,103028,104007.8745,265.3506731,-1245.225167
2018/2/2,115076,104843.92,12580.3629,-2348.282945
2018/2/3,111996,105681.721,11626.45907,-5312.1801
2018/2/4,89074,106544.5413,-10717.07577,-6753.465527
2018/2/5,99577,107608.6342,-6681.811689,-1349.822555
2018/2/6,104049,108959.1275,-4471.461341,-438.6661828
2018/2/7,108754,110440.8949,-2854.612095,1167.717154
2018/2/8,112592,112023.519,210.688581,357.792405
2018/2/9,126505,113611.7655,12187.75001,705.484522
2018/2/10,124902,115119.2932,11179.69461,-1396.987778
2018/2/11,106496,116449.5911,-10386.24923,432.6581723
2018/2/12,115345,114245.5889,-6788.612083,7888.023186
2018/2/13,117147,109422.995,-1388.33829,9112.343248
2018/2/14,115270,107410.5199,-3963.800462,11823.28058
2018/2/15,42400,105857.6207,-705.5386108,-62752.08214
2018/2/16,69021,104058.9734,11932.2521,-46970.22554
2018/2/17,72196,100119.2886,10824.25732,-38747.54588
2018/2/18,87036,97824.6438,-10068.10523,-720.5385765
2018/2/19,92798,98232.19796,-6925.953771,1491.755816
2018/2/20,87160,98693.42236,-74.13581265,-11459.28655
2018/2/21,92967,99055.56813,-4408.112101,-1680.456033
2018/2/22,99252,99234.95622,-2145.926969,2162.970749
2018/2/23,110960,99287.25014,11918.69512,-245.9452676
2018/2/24,112761,99150.53472,10876.09435,2734.370927
2018/2/25,90730,98705.30525,-10294.04899,2318.743741
2018/2/26,90427,97928.44339,-7300.676401,-200.7669858
2018/2/27,101261,97068.67331,3170.001342,1022.325349
2018/2/28,99440,96264.43383,-4712.787266,7888.353432
2018/3/1,90164,95481.68423,-2895.146572,-2422.537657
2018/3/2,98937,94739.37633,11744.08928,-7546.465603
2018/3/3,104221,94091.33165,11534.29699,-1404.628641
2018/3/4,82511,93659.52736,-9679.71924,-1468.808122
2018/3/5,86215,93697.80124,-7776.370209,293.5689737
2018/3/6,90843,94249.1677,-775.7422001,-2630.425495
2018/3/7,92540,94808.04462,-2839.594791,571.5501707
2018/3/8,98054,95260.49835,-2685.212578,5478.714227
2018/3/9,109505,95691.84381,12030.85544,1782.300751
2018/3/10,113281,96133.79275,12165.85789,4981.349358
2018/3/11,88542,96549.76427,-9465.423003,1457.65873
2018/3/12,88804,96878.4003,-7981.620721,-92.779577
2018/3/13,92169,96995.87891,-2829.643709,-1997.235199
2018/3/14,96063,96950.09316,-1861.489095,974.3959348
2018/3/15,95146,96847.36828,-2224.858593,523.4903089
2018/3/16,107644,96706.47378,12015.55863,-1078.032412
2018/3/17,110704,96555.64046,12709.64687,1438.712673
2018/3/18,87541,96431.09011,-9616.766203,726.676094
2018/3/19,87986,96291.84102,-7891.406416,-414.4346061
2018/3/20,92038,96107.92044,-3556.394706,-513.5257316
2018/3/21,93222,95918.19041,-1874.971238,-821.2191734
2018/3/22,94525,95773.67088,-1107.895579,-140.7753024
2018/3/23,108067,95717.59834,10809.39887,1540.00279
2018/3/24,108406,95759.20778,13312.25513,-665.4629176
2018/3/25,84473,95809.38941,-10017.86124,-1318.528166
2018/3/26,87709,95807.69679,-7420.493321,-678.2034737
2018/3/27,93732,95767.66536,-3281.823906,1246.158548
2018/3/28,94957,95735.11096,-2270.420027,1492.309069
2018/3/29,95557,95707.34966,-1026.179247,875.829585
2018/3/30,104782,95562.57691,10693.13308,-1473.709993
2018/3/31,108709,95215.20068,13501.72297,-7.923651161
2018/4/1,85106,94671.03586,-10426.06467,861.0288063
2018/4/2,89146,93988.69232,-7011.05131,2168.35899
2018/4/3,96101,93251.6881,-3416.560394,6265.872292
2018/4/4,89161,92707.93446,-2497.586973,-1049.347483
2018/4/5,78361,92307.04416,-1283.093989,-12662.95017
2018/4/6,98259,91839.88629,10836.35429,-4417.240583
2018/4/7,95181,91248.37877,13842.57356,-9909.952327
2018/4/8,78844,90779.89948,-10106.6184,-1829.281079
2018/4/9,83734,90688.50168,-6800.267939,-154.2337372
2018/4/10,87280,90909.16376,-3925.238108,296.074349
2018/4/11,88874,91394.27464,-2702.376532,182.1018946
2018/4/12,90010,91842.69807,-1539.285252,-293.4128198
2018/4/13,104329,92172.10662,11078.68206,1078.211315
2018/4/14,107093,92402.67643,14200.583,489.7405765
2018/4/15,83774,92554.53795,-9501.195657,720.6577027
2018/4/16,85830,92653.43427,-7222.933165,399.4988965
2018/4/17,87550,92710.25282,-4868.007357,-292.2454657
2018/4/18,89901,92727.00287,-2691.810908,-134.1919586
2018/4/19,90420,92735.22379,-1563.264206,-751.9595868
2018/4/20,104273,92792.82185,11575.76148,-95.58333446
2018/4/21,107119,92920.13112,14215.96139,-17.09250754
2018/4/22,84156,93098.69815,-8779.251854,-163.4462957
2018/4/23,85171,93316.02659,-7629.498713,-515.5278815
2018/4/24,87784,93574.19121,-5634.804335,-155.3868729
2018/4/25,91708,93867.65732,-2701.490717,541.833402
2018/4/26,93654,94187.19114,-1011.256512,478.0653715
2018/4/27,105329,94512.44731,11883.68041,-1067.127723
2018/4/28,108536,94847.22046,14088.14836,-399.3688231
2018/4/29,87703,95173.93567,-8327.762667,856.8269934
2018/4/30,95764,95465.21509,-8145.545789,8444.330702
2018/5/1,95084,95737.82175,-6306.289744,5652.467996
2018/5/2,92728,96037.41101,-2814.135431,-495.2755809
2018/5/3,96408,96348.7303,-931.4625097,990.7322127
2018/5/4,109242,96617.20212,12544.81791,79.97996955
2018/5/5,110746,96858.14906,14394.45736,-506.6064166
2018/5/6,88571,97100.71619,-7757.256519,-772.4596738
2018/5/7,89510,97247.11427,-8582.489818,845.3755497
2018/5/8,90764,97223.77709,-6795.521513,335.7444274
2018/5/9,94973,97036.87599,-3258.376529,1194.500542
2018/5/10,96156,96741.71402,-1544.95469,959.2406677
2018/5/11,112378,96374.33861,12807.01199,3196.649405
2018/5/12,111227,95945.34362,15102.89278,178.7635984
2018/5/13,87804,95499.46738,-6923.103616,-772.3637666
2018/5/14,84758,95082.89717,-8693.243562,-1631.653611
2018/5/15,86746,94749.21991,-7016.923236,-986.2966762
2018/5/16,90439,94564.32179,-3766.148272,-359.1735219
2018/5/17,90686,94519.9388,-2438.067446,-1395.871358
2018/5/18,107819,94547.25257,12525.58884,746.1585879
2018/5/19,110663,94612.40523,16030.64925,19.94551751
2018/5/20,90061,94675.68237,-5937.247664,1322.565296
2018/5/21,86465,94728.50143,-8825.688784,562.1873588
2018/5/22,88042,94773.84754,-6652.476846,-79.37069525
2018/5/23,90046,94796.86858,-4096.236474,-654.6321073
2018/5/24,91413,94772.61182,-3045.730465,-313.8813584
2018/5/25,105548,94705.71434,11745.48026,-903.1945999
2018/5/26,111681,94602.75673,16337.43242,740.8108522
2018/5/27,89229,94493.09862,-5969.289196,705.1905786
2018/5/28,86476,94381.08058,-8776.18335,871.1027685
2018/5/29,88480,94218.69022,-5916.485833,177.7956103
2018/5/30,89744,94006.50434,-4164.431364,-98.07297744
2018/5/31,90857,93937.67383,-2554.414674,-526.2591586
2018/6/1,104211,94019.3689,11129.10481,-937.4737117
2018/6/2,101777,94182.5002,16190.3067,-8595.806897
2018/6/3,81055,94458.54039,-6780.062661,-6623.477731
2018/6/4,84016,94800.10488,-8540.99046,-2243.114417
2018/6/5,89950,95160.00233,-5122.548978,-87.45335081
2018/6/6,92282,95591.36887,-3842.505171,533.1363055
2018/6/7,98254,96101.85299,-1772.284219,3924.431224
2018/6/8,108156,96534.0079,11060.47448,561.5176191
2018/6/9,112618,96807.22445,14987.95075,822.8248
2018/6/10,88805,96957.22753,-7985.535336,-166.6921928
2018/6/11,89628,96960.38031,-8496.351845,1163.97154
2018/6/12,93299,96812.17939,-4447.438567,934.2591727
2018/6/13,92526,96557.02864,-3136.124222,-894.9044218
2018/6/14,95188,96167.95916,-809.4700913,-170.4890717
2018/6/15,107502,95689.55193,11231.73158,580.7164924
2018/6/16,99353,95196.66611,13569.69167,-9413.357783
2018/6/17,86026,94699.73717,-9445.408757,771.6715888
2018/6/18,70792,94235.9628,-7969.620444,-15474.34236
2018/6/19,88721,93808.63888,-3775.426483,-1312.212397
2018/6/20,91053,93395.88997,-2359.03618,16.14620847
2018/6/21,92854,93123.82016,-133.1804642,-136.6396934
2018/6/22,103297,93168.59563,11496.47593,-1368.071567
2018/6/23,104087,93492.72989,11901.20739,-1306.937288
2018/6/24,81919,94037.26518,-10693.36016,-1424.905025
2018/6/25,85967,94697.59844,-7180.992959,-1549.605484
2018/6/26,93111,95407.54136,-3367.363027,1070.821671
2018/6/27,95036,96155.15062,-1366.733667,247.5830449
2018/6/28,97902,96891.44953,106.1241259,904.426347
2018/6/29,113130,97554.07481,11716.14833,3859.776859
2018/6/30,109402,98084.48726,10580.20501,737.3077365
2018/7/1,86820,98456.96275,-11783.99367,147.030911
2018/7/2,92872,98679.14898,-6611.764682,804.615702
2018/7/3,95485,98802.2206,-2976.604169,-340.6164342
2018/7/4,98277,98877.09015,-1077.23073,477.1405846
2018/7/5,98737,98971.80268,389.873133,-624.6758167
2018/7/6,110854,99116.01754,12107.68174,-369.6992719
2018/7/7,108453,99289.44804,10327.43992,-1163.887956
2018/7/8,86788,99485.4236,-12518.39946,-179.0241356
2018/7/9,95427,99700.88964,-6277.310691,2003.421049
2018/7/10,70521,99915.55925,-3031.088402,-26363.47085
2018/7/11,79560,100120.8241,-1174.288523,-19386.53558
2018/7/12,100459,100309.2506,767.8974407,-618.1480652
2018/7/13,113464,100439.0558,12275.49357,749.4506095
2018/7/14,111275,100452.6896,10207.99722,614.3131468
2018/7/15,87651,100376.7054,-12734.88498,9.179593903
2018/7/16,93175,100254.094,-6235.22337,-843.87059
2018/7/17,97633,100044.4815,-3142.730291,731.2488362
2018/7/18,98365,99759.20603,-1406.296245,12.09021422
2018/7/19,101819,99430.96641,1213.386372,1174.647218
2018/7/20,111502,99134.42922,12020.76427,346.8065037
2018/7/21,108710,98894.0271,10167.09871,-351.1258148
2018/7/22,84960,98683.63069,-12471.93426,-1251.696429
2018/7/23,91454,98534.81331,-6430.665902,-650.1474085
2018/7/24,94315,98535.06107,-2902.730074,-1317.330997
2018/7/25,96997,98682.11881,-1744.143648,59.02483509
2018/7/26,100470,98905.23149,1641.201776,-76.43326479
2018/7/27,109865,99145.58944,11851.74599,-1132.335432
2018/7/28,112097,99383.3156,9558.190521,3155.493876
2018/7/29,88536,99611.01871,-12350.18534,1275.166636
2018/7/30,93924,99812.43405,-6350.106996,461.6729512
2018/7/31,97320,99977.36388,-2441.96925,-215.3946289
2018/8/1,97599,100100.3224,-1701.03874,-800.2836134
2018/8/2,101747,100186.3368,1742.466204,-181.803021
2018/8/3,112254,100255.9325,11669.27814,328.7893364
2018/8/4,108395,100339.7546,9014.180023,-958.9346159
2018/8/5,88654,100433.8306,-12319.155,539.3243491
2018/8/6,94442,100508.9848,-6147.796709,80.81186546
2018/8/7,100231,100539.5601,-2215.966703,1907.406602
2018/8/8,98775,100546.9672,-1272.168768,-499.7984065
2018/8/9,102111,100567.422,1662.170503,-118.5925286
2018/8/10,112320,100628.701,11371.72112,319.5778366
2018/8/11,108495,100733.2028,8592.847875,-831.0506404
2018/8/12,86655,100900.0906,-12376.85059,-1868.240013
2018/8/13,95143,101121.5236,-5918.059615,-60.46394141
2018/8/14,99119,101324.4238,-2026.409698,-179.0141019
2018/8/15,101778,101409.2099,-622.0334739,990.8235753
2018/8/16,104230,101378.9795,1329.368281,1521.652263
2018/8/17,116394,101262.1085,10927.54725,4204.344258
2018/8/18,110610,101026.5415,8702.711792,880.7467093
2018/8/19,89390,100656.1227,-12681.39104,1415.268369
2018/8/20,93886,100143.8014,-5605.113883,-652.6875034
2018/8/21,96486,99542.33256,-2264.782714,-791.5498483
2018/8/22,99053,99036.4396,-218.7854059,235.345805
2018/8/23,98898,98722.1775,1171.163937,-995.3414381
2018/8/24,107733,98493.20046,10844.08626,-1604.286717
2018/8/25,96211,98219.67063,9092.518487,-11101.18911
2018/8/26,84998,97894.00188,-12800.33787,-95.6640164
2018/8/27,94225,97542.1247,-5417.6829,2100.558198
2018/8/28,97020,97203.06536,-2734.374516,2551.30916
2018/8/29,97237,96827.77258,-481.6690796,890.8964977
2018/8/30,96498,96286.8492,1093.215961,-882.0651586
2018/8/31,106464,95608.71452,11127.82343,-272.5379521
2018/9/1,103604,94983.26895,9712.692852,-1091.961806
2018/9/2,81362,94515.65262,-13458.76513,305.1125102
2018/9/3,87655,94246.33182,-5217.705458,-1373.626364
2018/9/4,89723,94118.01417,-2939.151005,-1455.863165
2018/9/5,91618,94069.14126,-886.2786769,-1564.862584
2018/9/6,96743,94057.79797,941.0433205,1744.15871
2018/9/7,107194,94081.82676,12012.20233,1099.970913
2018/9/8,108224,94132.08677,10125.44766,3966.465567
2018/9/9,79386,94193.6034,-13398.01921,-1409.58419
2018/9/10,89410,94196.32688,-5551.895897,765.5690159
2018/9/11,90712,94101.27926,-3525.384177,136.1049201
2018/9/12,92611,93969.24948,-1202.685893,-155.5635853
2018/9/13,94037,93890.02156,908.6742408,-761.6957998
2018/9/14,106322,93846.10341,12523.25123,-47.35464262
2018/9/15,104536,93797.80127,10430.42166,307.7770722
2018/9/16,85938,93734.42756,-12730.29076,4933.863201
2018/9/17,87472,93681.59171,-6223.588135,13.99642477
2018/9/18,90148,93620.00222,-3757.470011,285.4677859
2018/9/19,92549,93506.397,-1160.298864,202.9018692
2018/9/20,93944,93280.68566,513.4737622,149.8405759
2018/9/21,105622,93009.47121,12454.19611,158.3326866
2018/9/22,94736,92793.63972,10610.33961,-8667.979325
2018/9/23,80661,92630.90654,-12006.96317,37.05662837
2018/9/24,71268,92483.84647,-6803.443634,-14412.40284
2018/9/25,86353,92376.26429,-3437.999552,-2585.26474
2018/9/26,91407,92328.75633,-889.8986234,-31.85770174
2018/9/27,92306,92432.00128,6.643015536,-132.6443
2018/9/28,104897,92733.50605,12261.06933,-97.57538718
2018/9/29,102462,93148.94121,10850.01964,-1536.960852
2018/9/30,84800,93613.70445,-11493.84945,2680.145001
2018/10/1,85712,94061.7653,-7219.192555,-1130.57274
2018/10/2,92627,94446.49623,-3493.382184,1673.885953
2018/10/3,93708,94802.39583,-641.9835411,-452.4122874
2018/10/4,95643,95116.81137,-582.0833153,1108.271945
2018/10/5,107229,95338.42098,12215.77997,-325.200947
2018/10/6,108122,95410.20581,11394.51982,1317.274368
2018/10/7,82450,95376.15931,-11363.74278,-1562.416526
2018/10/8,88971,95267.59074,-7330.020773,1033.430035
2018/10/9,98227,95120.01145,-3544.050916,6651.03947
2018/10/10,95810,94933.24364,-769.5834402,1646.339799
2018/10/11,91928,94724.14204,-911.7621336,-1884.379902
2018/10/12,107157,94477.61953,12106.25461,573.1258646
2018/10/13,106338,94197.3208,12062.66504,78.01415423
2018/10/14,82542,93890.80278,-11242.0606,-106.7421877
2018/10/15,86285,93652.86863,-7100.503463,-267.3651656
2018/10/16,89442,93489.20964,-3861.114256,-186.0953827
2018/10/17,91884,93371.29366,-848.8382044,-638.4554552
2018/10/18,92102,93250.93196,-993.7197991,-155.2121658
2018/10/19,104832,93141.09698,12168.37112,-477.4681012
2018/10/20,106417,93069.82979,11481.18344,1865.986779
2018/10/21,82315,93053.40705,-10186.60846,-551.7985875
2018/10/22,85906,93085.30495,-7625.688232,446.3832865
2018/10/23,87703,93157.53823,-4611.267805,-843.2704291
2018/10/24,90987,93313.90616,-1266.136875,-1060.769289
2018/10/25,92463,93574.99534,-897.3511943,-214.6441413
2018/10/26,105144,93934.29981,11721.14276,-511.4425665
2018/10/27,103619,94383.23138,9464.144455,-228.3758397
2018/10/28,82758,94914.22106,-4022.056137,-8134.164921
2018/10/29,86784,95524.63497,-9435.281105,694.6461321
2018/10/30,90613,96185.64389,-4627.690253,-944.953641
2018/10/31,95276,96893.01743,-1544.26476,-72.75266509
2018/11/1,96456,97656.46905,-916.3030801,-284.1659665
2018/11/2,109691,98489.76368,11435.36074,-234.1244227
2018/11/3,105639,99400.92394,6419.650095,-181.5740315
2018/11/4,83478,100394.7157,1125.492989,-18042.20869
2018/11/5,89615,102115.6794,-11982.70597,-517.9734796
2018/11/6,91483,104757.5669,-4208.270433,-9066.296477
2018/11/7,95417,106941.8713,-3277.159594,-8247.711736
2018/11/8,133819,108899.1054,-1279.946864,26199.8415
2018/11/9,155591,110904.1654,12056.15485,32630.67974
2018/11/10,151721,113105.2134,2983.562643,35632.22396
2018/11/11,122082,115454.0525,6254.684013,373.2634626
2018/11/12,126489,117253.3602,-10403.30548,19638.94527
2018/11/13,114541,117310.155,-4529.966188,1760.811235
2018/11/14,123103,114761.9338,-4510.497364,12851.56353
2018/11/15,118914,110761.5176,-1619.367306,9771.849669
2018/11/16,138493,108613.5479,12188.04858,17691.40355
2018/11/17,141802,106894.8649,7617.481167,27289.65397
2018/11/18,116148,104206.1684,425.9610367,11515.87052
2018/11/19,119038,97160.669,-9564.41202,31441.74302
2018/11/20,92818,96866.89652,-4309.057674,260.1611518
2018/11/21,90866,96951.5561,-5991.800103,-93.75599889
2018/11/22,95283,96699.22769,-1345.315097,-70.91259504
2018/11/23,110228,96396.28071,13316.83069,514.8885969
2018/11/24,90756,96079.59832,9608.907282,-14932.5056
2018/11/25,81385,95714.77703,-3734.097032,-10595.68
2018/11/26,88255,95310.7337,-7391.208391,335.4746915
2018/11/27,89467,94880.80255,-4978.450836,-435.3517109
2018/11/28,91457,94404.59879,-3916.652787,969.0539995
2018/11/29,93978,93902.34125,-450.4829369,526.1416903
2018/11/30,105523,93489.37119,13484.95253,-1451.323714
2018/12/1,103011,93208.584,10407.70489,-605.2888891
2018/12/2,82138,93028.28774,-10193.82445,-696.4632893
2018/12/3,84476,92961.5957,-6967.496147,-1518.099551
2018/12/4,87319,93122.76158,-5189.31588,-614.4456978
2018/12/5,90672,93532.6357,-2854.602206,-6.033495723
2018/12/6,92967,94075.06772,-382.2638058,-725.8039125
2018/12/7,107530,94667.94615,13143.84492,-281.7910724
2018/12/8,112991,95307.96462,10891.24114,6791.794242
2018/12/9,90261,95984.40489,-6459.997534,736.5926462
2018/12/10,89433,96673.18278,-7838.545686,598.3629043
2018/12/11,90558,97349.91062,-6160.130058,-631.7805643
2018/12/12,94663,97953.44484,-3136.177088,-154.2677556
2018/12/13,97675,98484.22882,-1116.018806,306.7899873
2018/12/14,111915,98974.37083,12644.95692,295.6722451
2018/12/15,116558,99440.47115,11118.44615,5999.082698
2018/12/16,91439,99908.83203,-3712.406573,-4757.425456
2018/12/17,91627,100410.2552,-8678.264637,-104.9905395
2018/12/18,94549,100929.4038,-6804.517752,424.1139804
2018/12/19,97493,101459.8149,-3624.207321,-342.6075342
2018/12/20,99597,102071.6819,-1538.591861,-936.090003
2018/12/21,110432,102775.831,12065.60316,-4409.434191
2018/12/22,115427,103443.6671,11537.0962,446.2367171
2018/12/23,103153,103983.7202,-1307.849567,477.1293903
2018/12/24,106795,104435.2754,-9320.423184,11680.14782
2018/12/25,107798,104879.2857,-6762.717826,9681.432081
2018/12/26,103090,105221.9415,-3889.735265,1757.793718
2018/12/27,105130,105264.2573,-1191.657272,1057.399994
2018/12/28,117780,104635.1162,11963.78007,1181.103748
2018/12/29,115790,103533.2355,12088.07478,168.6897683
2018/12/30,108451,102158.627,-4456.609399,10748.98239
2018/12/31,136058,100694.1065,-8945.337123,44309.23061
2019/1/1,83559,99295.91886,-6215.721119,-9521.19774
2019/1/2,93960,98227.471,-3604.599586,-662.8714128
2019/1/3,96237,97285.03584,-466.3591399,-581.6766998
2019/1/4,105628,96500.33903,12433.19307,-3305.532104
2019/1/5,101369,96254.94283,12846.10808,-7732.050915
2019/1/6,80097,96259.20902,-7040.093626,-9122.115395
2019/1/7,86762,96312.76699,-8879.903458,-670.8635329
2019/1/8,90195,96384.71763,-5853.83034,-335.8872929
2019/1/9,92533,96641.96777,-2896.691326,-1212.276442
2019/1/10,98493,97143.63783,-339.7704137,1689.132586
2019/1/11,110577,97682.80097,12706.15774,188.0412952
2019/1/12,111019,98198.80525,13343.44877,-523.2540212
2019/1/13,87484,98748.9387,-10627.15072,-637.7879807
2019/1/14,92876,99379.8885,-7374.777287,870.8887901
2019/1/15,94560,100076.3408,-5453.585629,-62.75513907
2019/1/16,97672,100764.3944,-1626.802109,-1465.592326
2019/1/17,99030,101429.4212,-716.5542385,-1682.86696
2019/1/18,116217,102078.8934,12190.58942,1947.517138
2019/1/19,117181,102724.3464,13036.34287,1420.310754
2019/1/20,93038,103366.6344,-11304.03075,975.3963927
2019/1/21,96616,103998.5212,-6143.028982,-1239.492199
2019/1/22,99075,104568.7615,-5322.77947,-170.9820295
2019/1/23,106014,105053.5815,749.2255391,211.192973
2019/1/24,104508,105513.5259,-1396.146249,390.6203687
2019/1/25,116143,106034.9025,10749.65861,-641.5610681
2019/1/26,118147,106610.0798,12113.58232,-576.662084
2019/1/27,95087,107185.5056,-12538.13257,439.6269326
2019/1/28,102053,106458.2881,-5872.861358,1467.573221
2019/1/29,107343,103282.3916,-4832.731459,8893.339905
2019/1/30,112122,100850.9944,77.96127719,11193.04433
2019/1/31,114824,98779.35411,100.0232261,15944.62267
2019/2/1,120646,96625.04079,11441.15848,12579.80072
2019/2/2,97537,94236.59327,14026.57302,-10726.16629
2019/2/3,77382,92278.00305,-14223.24446,-672.7585866
2019/2/4,40374,92230.13606,-5786.69619,-46069.43987
2019/2/5,64833,92841.45886,-4694.483009,-23313.97586
2019/2/6,67325,93446.393,11.18029968,-26132.5733
2019/2/7,82780,94053.66974,-1640.915501,-9632.754238
2019/2/8,87067,94669.02704,11105.32837,-18707.3554
2019/2/9,94193,95389.84875,15317.82109,-16514.66983
2019/2/10,81976,96731.07279,-14003.48562,-751.5871742
2019/2/11,90603,96502.33773,-5722.221045,-177.1166888
2019/2/12,93460,96778.21433,-3780.431491,462.2171612
2019/2/13,97527,97027.35337,248.2294708,251.4171619
2019/2/14,103712,97188.39435,-6976.37959,13499.98524
2019/2/15,110593,97220.85107,13116.11824,256.0306864
2019/2/16,115333,97190.49529,17900.27856,242.2261576
2019/2/17,92809,97137.13659,-12908.56785,8580.431256
2019/2/18,92393,97059.66584,-6518.933657,1852.267812
2019/2/19,91833,96966.79821,-4620.227635,-513.5705707
2019/2/20,94422,96857.96289,-1135.088123,-1300.87477
2019/2/21,95047,96742.65382,-1388.746651,-306.9071704
2019/2/22,104107,96649.64339,7525.009349,-67.65273752
2019/2/23,114197,96641.91083,17376.51873,178.5704378
2019/2/24,85742,96747.02459,-11278.79956,273.7749672
2019/2/25,88839,96937.05621,-7386.713717,-711.3424908
2019/2/26,91801,96949.77154,-5077.219754,-71.55178735
2019/2/27,100985,96441.56769,-1650.715346,6194.14766
2019/2/28,99394,96068.50373,-462.8539725,3788.350245
2019/3/1,98965,95951.77596,10069.13258,-7055.908542
2019/3/2,98391,95910.35338,15994.94176,-13514.29514
2019/3/3,76086,95782.94597,-10295.47164,-9401.474336
2019/3/4,85937,95381.48875,-8289.288397,-1155.200356
2019/3/5,89332,95340.94006,-5189.816777,-819.1232815
2019/3/6,94256,95726.18299,-2027.122889,556.9399035
2019/3/7,96935,96164.94809,-217.3081554,987.3600605
2019/3/8,112446,96512.22803,10821.40153,5112.370443
2019/3/9,111704,96746.00067,14636.02785,321.9714823
2019/3/10,87876,96895.12126,-10056.29005,1037.168792
2019/3/11,88643,96951.33185,-8629.928206,321.5963535
2019/3/12,92629,96894.41096,-4832.399206,566.9882427
2019/3/13,94357,96757.44824,-1954.538469,-445.9097671
2019/3/14,95623,96569.41391,-435.178814,-511.2350935
2019/3/15,108905,96344.06052,12802.87041,-241.9309227
2019/3/16,109247,96107.06037,12923.27514,216.6644937
2019/3/17,86042,95918.34677,-10420.3206,543.9738286
2019/3/18,87794,95780.81119,-8329.0318,342.2206105
2019/3/19,90872,95655.2853,-4038.078868,-745.2064347
2019/3/20,93626,95512.21877,-1473.156191,-413.0625745
2019/3/21,93977,95398.75013,-692.8378278,-728.9122998
2019/3/22,109862,95386.62728,13068.47919,1406.893528
2019/3/23,106531,95487.29062,11432.9025,-389.1931162
2019/3/24,83242,95597.69109,-11231.7588,-1123.932294
2019/3/25,86833,95633.91092,-7464.646639,-1336.264277
2019/3/26,94904,95605.90005,-3547.494191,2845.594146
2019/3/27,95483,95563.07143,-1390.454002,1310.382575
2019/3/28,96511,95517.17256,-722.4943401,1716.321778
2019/3/29,107866,95443.93462,13006.64721,-584.581826
2019/3/30,105411,95197.78679,11278.53452,-1065.321313
2019/3/31,83262,94731.48621,-11747.54859,278.062382
2019/4/1,88878,94159.23891,-7035.164185,1753.92527
2019/4/2,90349,93649.61656,-3486.5921,185.9755374
2019/4/3,101603,93338.56661,-1460.593176,9725.02657
2019/4/4,90961,93078.65253,-515.482627,-1602.169907
2019/4/5,79889,92765.63913,12918.85382,-25795.49295
2019/4/6,92910,92408.74844,11382.86159,-10881.61003
2019/4/7,75662,92051.89391,-11542.84224,-4847.051674
2019/4/8,85240,91840.01622,-6874.859924,274.8437021
2019/4/9,87684,91901.1936,-3876.024465,-341.1691338
2019/4/10,89301,92109.15023,-1634.003476,-1174.146752
2019/4/11,92477,92379.34785,-521.5376621,619.1898167
2019/4/12,105145,92683.99396,12844.34242,-383.3363833
2019/4/13,105983,93031.90309,11603.77965,1347.317261
2019/4/14,81171,93431.62499,-11030.692,-1229.932991
2019/4/15,86695,93829.02398,-7309.539038,175.5150532
2019/4/16,89123,94195.72846,-4174.485627,-898.2428361
2019/4/17,93482,94493.14839,-1859.869465,848.7210793
2019/4/18,84288,94758.10238,-120.8551179,-10349.24726
2019/4/19,109174,94985.03499,12771.64113,1417.323881
2019/4/20,106026,95177.41065,11691.50665,-842.9172948
2019/4/21,86814,95305.21685,-10714.27859,2223.061747
2019/4/22,86274,95372.49666,-7713.559728,-1384.936931
2019/4/23,91859,95407.12003,-4638.240584,1090.12055
2019/4/24,93248,95511.35935,-1478.134881,-785.2244681
2019/4/25,95242,95713.13424,356.8498015,-827.9840402
2019/4/26,107182,96090.53185,12670.10487,-1578.636716
2019/4/27,107784,96677.01876,11342.95607,-235.9748318
2019/4/28,86469,97359.20574,-10027.8944,-862.311333
2019/4/29,90355,97994.46746,-7833.601518,194.1340606
2019/4/30,105100,98605.66354,-5052.638081,11546.97454
2019/5/1,99491,99193.67645,-1625.726863,1923.050411
2019/5/2,101758,99655.62157,456.184257,1646.194174
2019/5/3,113262,99943.89188,12409.71326,908.3948621
2019/5/4,111552,100026.6194,11804.95674,-279.5761241
2019/5/5,90621,99808.97983,-9539.383876,351.404041
2019/5/6,94188,99339.22451,-8087.727104,2936.502598
2019/5/7,92808,98765.55884,-5387.292952,-570.2658848
2019/5/8,96093,98145.77002,-1954.536538,-98.23347907
2019/5/9,98389,97507.19725,97.31005913,784.4926906
2019/5/10,114251,96842.48032,12321.00923,5087.510453
2019/5/11,108478,96141.05459,12792.61718,-455.6717697
2019/5/12,86458,95468.56102,-8883.171127,-127.3898941
2019/5/13,86138,94883.72187,-8447.861463,-297.8604097
2019/5/14,88649,94392.81613,-5646.554633,-97.26149558
2019/5/15,91315,94048.96171,-2301.304322,-432.6573834
2019/5/16,91698,93813.09108,-266.3817256,-1848.709355
2019/5/17,105581,93589.38419,12464.20854,-472.5927306
2019/5/18,108897,93398.47894,13351.08217,2147.43889
2019/5/19,88426,93278.07611,-9066.171885,4214.095776
2019/5/20,83358,93243.5137,-8865.669657,-1019.844043
2019/5/21,88420,93269.27558,-5245.504042,396.2284612
2019/5/22,89904,93278.39446,-2115.084506,-1259.30995
2019/5/23,92619,93228.96003,-660.6074375,50.64740324
2019/5/24,105454,93188.31906,12613.64302,-347.962075
2019/5/25,107256,93205.93379,13307.23406,742.8321509
2019/5/26,85176,93263.73087,-9947.674642,1859.943775
2019/5/27,83907,93308.50283,-8544.725687,-856.7771461
2019/5/28,87532,93306.60615,-4701.844889,-1072.761258
2019/5/29,92188,93261.35902,-1398.507764,325.1487482
2019/5/30,92857,93213.50985,-527.9676077,171.4577587
2019/5/31,106742,93192.39221,12520.6207,1028.987089
2019/6/1,104854,93220.63554,12366.84135,-733.4768972
2019/6/2,80930,93265.53153,-11186.20887,-1149.322665
2019/6/3,86030,93260.21198,-7715.758639,485.5466589
2019/6/4,89619,93224.31399,-4091.803274,486.4892874
2019/6/5,92821,93300.48101,-464.2748752,-15.2061394
2019/6/6,106571,93477.26584,-319.0118282,13412.74599
2019/6/7,82253,93720.176,12324.36353,-23791.53953
2019/6/8,96721,93929.31195,11037.61153,-8245.923478
2019/6/9,79683,94053.49848,-12252.88282,-2117.615666
2019/6/10,88101,94165.19035,-6779.08415,714.8937975
2019/6/11,91098,94374.01857,-3360.601771,84.58319584
2019/6/12,96289,94630.33345,-19.99739308,1678.663945
2019/6/13,94582,94820.2043,-121.5507737,-116.6535261
2019/6/14,106131,94920.5511,12057.50148,-847.0525771
2019/6/15,105609,94940.39306,9835.451298,833.1556411
2019/6/16,83115,94898.19035,-12557.17659,773.9862403
2019/6/17,88232,94817.09092,-6056.846683,-528.2442403
2019/6/18,92358,94725.99986,-2958.267595,590.2677394
2019/6/19,93980,94654.99055,37.50379483,-712.4943418
2019/6/20,94631,94594.5094,113.4674541,-76.97685075
2019/6/21,106863,94564.60636,11927.53624,370.8573984
2019/6/22,102044,94597.42031,8800.973764,-1354.394073
2019/6/23,82281,94689.11937,-12277.83936,-130.2800141
2019/6/24,89357,94839.24101,-5570.434625,88.19361817
2019/6/25,91896,95032.91684,-2758.739318,-378.1775213
2019/6/26,95215,95227.91917,-240.6478349,227.7286656
2019/6/27,95932,95402.31643,289.2991618,240.3844123
2019/6/28,112970,95548.19527,12168.0599,5253.744824
2019/6/29,104030,95669.08084,7884.928044,475.991115
2019/6/30,83885,95773.17218,-12199.13427,310.9620917
2019/7/1,90836,95838.37336,-5175.822989,173.449628
2019/7/2,92970,95860.80161,-2524.479908,-366.3216974
2019/7/3,94881,95894.75829,-288.9852325,-724.7730594
2019/7/4,96674,95994.60978,112.9285669,566.4616542
2019/7/5,108478,96163.16198,12225.80632,89.03169702
2019/7/6,102049,96375.97373,7849.854855,-2176.828589
2019/7/7,83803,96618.59138,-12286.97893,-528.6124499
2019/7/8,92483,96886.32028,-5247.650221,844.3299377
2019/7/9,95155,97173.62735,-2235.41731,216.7899556
2019/7/10,97746,97461.16933,-123.1541221,407.9847954
2019/7/11,97309,97724.04672,-226.3541331,-188.6925844
2019/7/12,110143,97892.35731,12081.20427,169.4384176
2019/7/13,106668,97927.13043,8297.670055,443.1995187
2019/7/14,86409,97865.36065,-12507.24693,1050.886276
2019/7/15,92262,97757.75083,-5632.817947,137.0671199
2019/7/16,96228,97599.59341,-1994.140105,622.5466995
2019/7/17,97313,97382.00925,153.9699384,-222.979192
2019/7/18,96053,97149.97638,-475.6647968,-621.3115798
2019/7/19,108474,96984.32519,11860.25597,-370.5811517
2019/7/20,105905,96942.74755,8707.661489,254.5909606
2019/7/21,83448,97078.88452,-12574.56746,-1056.317061
2019/7/22,89440,97377.68575,-5635.455356,-2302.230394
2019/7/23,95351,97753.3926,-1649.004112,-753.3884921
2019/7/24,98896,98101.14806,374.0820535,420.7698848
2019/7/25,101287,98405.91865,-978.3857809,3859.467131
2019/7/26,110866,98708.45872,11638.8053,518.7359843
2019/7/27,110292,99005.77701,8395.187172,2891.03582
2019/7/28,86892,99200.82444,-12765.49252,456.6680772
2019/7/29,93948,99225.08138,-5087.330703,-189.750673
2019/7/30,97561,99093.94162,-1089.105168,-443.8364543
2019/7/31,99233,98914.52834,374.7514443,-56.27978363
2019/8/1,97787,98777.64668,-1855.616902,864.9702182
2019/8/2,109808,98681.55711,12033.31803,-906.8751478
2019/8/3,105115,98597.99726,8030.003591,-1513.000848
2019/8/4,85962,98501.27955,-13138.56369,599.2841421
2019/8/5,94812,98443.12627,-4225.867221,594.7409506
2019/8/6,98506,98497.27786,-384.6142521,393.3363927
2019/8/7,106046,98681.97657,16.58158412,7347.441849
2019/8/8,93237,98943.81177,-2607.066724,-3099.745041
2019/8/9,52814,99165.29693,12527.1967,-58878.49363
2019/8/10,106339,99289.6808,7680.499474,-631.1802692
2019/8/11,85462,99423.67041,-13569.64358,-392.0268328
2019/8/12,97665,99671.50508,-4080.01703,2073.511953
2019/8/13,100879,99952.63212,7.893655983,918.4742255
2019/8/14,100206,100143.8845,-300.8423958,362.9578649
2019/8/15,96028,100231.0424,-2131.403576,-2071.638808
2019/8/16,113983,100223.771,13050.63786,708.5910988
2019/8/17,108878,100143.9696,7795.201577,938.8288146
2019/8/18,85648,100035.8867,-14109.88528,-278.0014378
2019/8/19,95139,99941.1157,-4716.276355,-85.83934612
2019/8/20,99972,99830.78923,-396.5000139,537.7107822
2019/8/21,97762,99678.87213,-113.8829055,-1802.989226
2019/8/22,101664,99496.48874,-1245.868991,3413.380253
2019/8/23,112620,99317.6318,13371.65372,-69.28551728
2019/8/24,95470,99138.2715,8114.158082,-11782.42958
2019/8/25,84946,98925.89542,-14193.23969,213.3442746
2019/8/26,92639,98604.47516,-5933.048907,-32.42625465
2019/8/27,97232,98101.83498,-1508.808068,638.9730877
2019/8/28,98970,97437.84729,237.2959878,1294.856724
2019/8/29,97702,96712.69239,557.5493826,431.7582286
2019/8/30,103638,95962.1928,13160.0533,-5484.246097
2019/8/31,103012,95315.61211,8342.855651,-646.4677636
2019/9/1,79787,94803.09768,-13715.09157,-1301.006112
2019/9/2,86680,94380.59249,-6987.215032,-713.37746
2019/9/3,89915,94084.60368,-2629.425943,-1540.177741
2019/9/4,89324,94000.01121,297.8748801,-4973.88609
2019/9/5,95249,94099.93457,850.1954314,298.8700022
2019/9/6,107311,94268.44993,13399.63136,-357.0812858
2019/9/7,103533,94492.09885,8958.922085,81.97906473
2019/9/8,82469,94747.40688,-12168.43438,-109.9725032
2019/9/9,87709,94983.00343,-7735.540507,461.5370813
2019/9/10,91837,95032.77752,-3555.332929,359.5554063
2019/9/11,95147,94508.16027,119.8492357,518.9904918
2019/9/12,101619,93936.53292,449.4830136,7232.984064
2019/9/13,76098,93530.66205,13394.48121,-30827.14326
2019/9/14,86290,93186.22725,8506.457188,-15402.68444
2019/9/15,73042,92789.69881,-10191.9929,-9555.70591
2019/9/16,83635,92249.21691,-8055.695693,-558.5212183
2019/9/17,87590,91773.1912,-3744.392701,-438.7984971
2019/9/18,90676,92013.1399,-474.4215349,-862.7183642
2019/9/19,92429,92268.67161,92.12163347,68.20675331
2019/9/20,108457,92416.69705,12838.87146,3201.431489
2019/9/21,107385,92529.0315,8376.028218,6479.94028
2019/9/22,85376,92655.33905,-8780.965267,1501.626215
2019/9/23,84661,92802.57946,-7753.322194,-388.2572621
2019/9/24,88792,92900.77319,-3476.774601,-631.9985846
2019/9/25,91858,92929.87803,-787.0666654,-284.8113673
2019/9/26,92016,93021.22144,-87.38834968,-917.8330876
2019/9/27,105098,93195.71221,12181.60187,-279.31408
2019/9/28,101473,93383.32798,8072.522098,17.14992047
2019/9/29,86183,93558.48128,-8449.370686,1073.889405
2019/9/30,41140,93705.85277,-7387.056531,-45178.79624
2019/10/1,91053,93777.71968,-3079.850139,355.1304577
2019/10/2,93480,93835.00019,-782.5981725,427.5979792
2019/10/3,94662,93908.49399,47.90355246,705.6024612
2019/10/4,102996,93956.41698,10699.05227,-1659.469246
2019/10/5,114824,93955.79346,9375.457869,11492.74867
2019/10/6,83017,93927.31342,-9355.656075,-1554.657344
2019/10/7,88141,93896.0587,-7024.05666,1268.997956
2019/10/8,92182,93804.61095,-3014.32373,1391.712779
2019/10/9,99064,93289.78736,-1006.541919,6780.754563
2019/10/10,93061,92662.76573,-42.55306078,440.7873357
2019/10/11,95796,92154.07623,10400.21171,-6758.287935
2019/10/12,91757,91675.41404,11400.16731,-11318.58135
2019/10/13,74739,91105.25466,-10405.07353,-5961.18113
2019/10/14,82052,90468.9658,-6884.202178,-1532.763624
2019/10/15,86087,89993.58819,-3296.59278,-609.9954064
2019/10/16,88758,89898.12016,-1239.196389,99.07623007
2019/10/17,89590,90366.37373,139.2465248,-915.6202548
2019/10/18,101335,90920.33139,10688.84501,-274.1763999
2019/10/19,103184,91383.88802,12070.88541,-270.7734211
2019/10/20,81754,91813.6503,-11496.30756,1436.657268
2019/10/21,86166,92245.22571,-7741.694555,1662.468842
2019/10/22,88465,92664.92446,-4238.866716,38.94225241
2019/10/23,90530,93028.43414,-1812.258236,-686.1759061
2019/10/24,92396,93308.97269,134.7199259,-1047.692617
2019/10/25,105100,93531.90746,10567.44129,1000.65125
2019/10/26,112822,93771.43323,18920.04672,130.5200548
2019/10/27,80587,94067.512,-13553.90618,73.39417689
2019/10/28,84841,94402.35139,-8800.127955,-761.2234355
2019/10/29,89482,94730.79527,-5343.186932,94.39166163
2019/10/30,92799,95050.92955,-1782.324305,-469.6052486
2019/10/31,97123,95383.65847,597.3563921,1141.985137
2019/11/1,105729,95755.50603,10478.95772,-505.463758
2019/11/2,103186,96150.59228,21270.62983,-14235.22211
2019/11/3,79828,96544.21133,-16450.02931,-266.1820215
2019/11/4,87411,96927.18469,-9599.403422,83.21872659
2019/11/5,91030,97335.56022,-6141.425856,-164.1343639
2019/11/6,95948,97017.3431,-2036.893704,967.5506075
2019/11/7,130491,97186.15813,941.9972727,32362.8446
2019/11/8,149996,102225.9177,9416.543109,38353.53917
2019/11/9,149089,105582.3359,24273.69364,19232.9705
2019/11/10,116222,107285.2329,-16149.83317,25086.60025
2019/11/11,125932,108702.629,-8928.576699,26157.94768
2019/11/12,114305,112898.1639,-6846.925744,8253.761872
2019/11/13,121210,114058.081,-2909.443541,10061.36251
2019/11/14,117451,116990.3614,530.4052146,-69.76659509
2019/11/15,137885,113889.2424,8753.319409,15242.43821
2019/11/16,137635,110855.7645,26710.40299,68.83250051
2019/11/17,112380,108136.9988,-16222.50757,20465.50881
2019/11/18,125603,105703.0733,-8510.299677,28410.22636
2019/11/19,94525,103569.3344,-6552.850816,-2491.483629
2019/11/20,95973,101521.2925,-2908.398524,-2639.893931
2019/11/21,94603,99627.44206,959.0559717,-5983.498034
2019/11/22,105683,98046.43714,8047.712362,-411.1494988
2019/11/23,100828,97069.44662,22436.92774,-18678.37436
2019/11/24,79976,96341.25743,-16084.7797,-280.4777253
2019/11/25,87810,95652.00189,-7344.896819,-497.1050696
2019/11/26,89441,95029.44752,-5952.90795,364.460434
2019/11/27,91633,94500.78984,-3332.580461,464.790618
2019/11/28,94255,94111.94565,1100.262253,-957.2079052
2019/11/29,104241,93853.48259,10819.05101,-431.5335982
2019/11/30,103224,93711.10503,17955.76945,-8442.87448
2019/12/1,79702,93677.31766,-12375.2264,-1600.09126
2019/12/2,84769,93746.60238,-7975.324552,-1002.277825
2019/12/3,88650,93947.09068,-5450.122767,153.0320899
2019/12/4,90274,94263.67579,-3057.446854,-932.2289315
2019/12/5,96135,94632.2379,719.6654265,783.0966728
2019/12/6,110097,95005.78208,12335.76191,2755.45601
2019/12/7,107130,95356.34031,12701.25601,-927.5963173
2019/12/8,88422,95683.96058,-9492.695354,2230.734777
2019/12/9,87434,96011.98436,-7822.992428,-754.9919346
2019/12/10,90152,96349.91266,-5460.862368,-737.050297
2019/12/11,93357,96680.66042,-3110.29384,-213.3665781
2019/12/12,96261,97033.60746,-61.16869691,-711.4387597
2019/12/13,109697,97403.82804,12656.41498,-363.2430281
2019/12/14,112706,97778.023,12191.63417,2736.342831
2019/12/15,91711,98211.87234,-7932.266784,1431.394448
2019/12/16,90027,98678.36449,-7078.6924,-1572.672086
2019/12/17,93255,99107.01881,-6001.421944,149.4031305
2019/12/18,96217,99490.35903,-3328.067955,54.70892261
2019/12/19,97494,99838.4753,-730.6375131,-1613.837787
2019/12/20,114267,100208.6801,12779.43028,1278.889588
2019/12/21,112537,100558.9445,10835.75228,1142.303171
2019/12/22,92680,100726.5193,-6422.569999,-1623.949299
2019/12/23,96054,100778.2758,-6143.229074,1418.953261
2019/12/24,103316,100798.1983,-6398.793319,8916.594989
2019/12/25,106908,100689.0949,-3437.605141,9656.510205
2019/12/26,100790,100585.7631,-1331.748098,1535.984963
2019/12/27,112656,100474.3881,12850.12718,-668.5152691
2019/12/28,109196,100342.8117,9421.538234,-568.349927
2019/12/29,88116,100188.2532,-5239.077387,-6833.175777
2019/12/30,105363,100014.5595,-4947.700041,10296.14053
2019/12/31,137614,99825.55188,-6718.251084,44506.69921
